Location,Indicator,Period,First Tooltip
Afghanistan,Malaria - number of reported deaths,2017,10
Afghanistan,Malaria - number of reported deaths,2016,47
Afghanistan,Malaria - number of reported deaths,2015,49
Afghanistan,Malaria - number of reported deaths,2014,32
Afghanistan,Malaria - number of reported deaths,2013,24
Afghanistan,Malaria - number of reported deaths,2012,36
Afghanistan,Malaria - number of reported deaths,2011,40
Afghanistan,Malaria - number of reported deaths,2010,22
Afghanistan,Malaria - number of reported deaths,2009,32
Afghanistan,Malaria - number of reported deaths,2008,46
Afghanistan,Malaria - number of reported deaths,2007,25
Afghanistan,Malaria - number of reported deaths,2005,0
Algeria,Malaria - number of reported deaths,2017,0
Algeria,Malaria - number of reported deaths,2016,0
Algeria,Malaria - number of reported deaths,2015,0
Algeria,Malaria - number of reported deaths,2014,0
Algeria,Malaria - number of reported deaths,2013,0
Algeria,Malaria - number of reported deaths,2012,0
Algeria,Malaria - number of reported deaths,2011,0
Algeria,Malaria - number of reported deaths,2010,1
Algeria,Malaria - number of reported deaths,2009,0
Algeria,Malaria - number of reported deaths,2008,0
Algeria,Malaria - number of reported deaths,2001,1
Algeria,Malaria - number of reported deaths,2000,2
Angola,Malaria - number of reported deaths,2017,"13,967"
Angola,Malaria - number of reported deaths,2016,"15,997"
Angola,Malaria - number of reported deaths,2015,"7,832"
Angola,Malaria - number of reported deaths,2014,"5,714"
Angola,Malaria - number of reported deaths,2013,"7,300"
Angola,Malaria - number of reported deaths,2012,"5,736"
Angola,Malaria - number of reported deaths,2011,"6,909"
Angola,Malaria - number of reported deaths,2010,"8,114"
Angola,Malaria - number of reported deaths,2009,"10,530"
Angola,Malaria - number of reported deaths,2008,"9,465"
Angola,Malaria - number of reported deaths,2007,"9,812"
Angola,Malaria - number of reported deaths,2006,"10,220"
Angola,Malaria - number of reported deaths,2005,"13,768"
Angola,Malaria - number of reported deaths,2004,"12,459"
Angola,Malaria - number of reported deaths,2003,"38,598"
Angola,Malaria - number of reported deaths,2002,"14,434"
Angola,Malaria - number of reported deaths,2001,"9,473"
Angola,Malaria - number of reported deaths,2000,"9,510"
Argentina,Malaria - number of reported deaths,2017,1
Argentina,Malaria - number of reported deaths,2016,0
Argentina,Malaria - number of reported deaths,2015,0
Argentina,Malaria - number of reported deaths,2014,0
Argentina,Malaria - number of reported deaths,2013,0
Argentina,Malaria - number of reported deaths,2012,0
Argentina,Malaria - number of reported deaths,2011,0
Argentina,Malaria - number of reported deaths,2010,0
Argentina,Malaria - number of reported deaths,2009,0
Argentina,Malaria - number of reported deaths,2008,0
Argentina,Malaria - number of reported deaths,2007,0
Argentina,Malaria - number of reported deaths,2006,0
Argentina,Malaria - number of reported deaths,2005,0
Argentina,Malaria - number of reported deaths,2004,0
Argentina,Malaria - number of reported deaths,2003,1
Argentina,Malaria - number of reported deaths,2002,0
Argentina,Malaria - number of reported deaths,2001,0
Argentina,Malaria - number of reported deaths,2000,0
Armenia,Malaria - number of reported deaths,2016,0
Armenia,Malaria - number of reported deaths,2015,0
Armenia,Malaria - number of reported deaths,2014,0
Armenia,Malaria - number of reported deaths,2013,0
Armenia,Malaria - number of reported deaths,2012,0
Armenia,Malaria - number of reported deaths,2011,0
Armenia,Malaria - number of reported deaths,2010,0
Armenia,Malaria - number of reported deaths,2009,0
Armenia,Malaria - number of reported deaths,2008,0
Armenia,Malaria - number of reported deaths,2007,0
Armenia,Malaria - number of reported deaths,2006,0
Armenia,Malaria - number of reported deaths,2005,0
Armenia,Malaria - number of reported deaths,2004,0
Armenia,Malaria - number of reported deaths,2003,0
Armenia,Malaria - number of reported deaths,2002,0
Armenia,Malaria - number of reported deaths,2001,0
Armenia,Malaria - number of reported deaths,2000,0
Azerbaijan,Malaria - number of reported deaths,2016,0
Azerbaijan,Malaria - number of reported deaths,2015,0
Azerbaijan,Malaria - number of reported deaths,2014,0
Azerbaijan,Malaria - number of reported deaths,2013,0
Azerbaijan,Malaria - number of reported deaths,2012,0
Azerbaijan,Malaria - number of reported deaths,2011,0
Azerbaijan,Malaria - number of reported deaths,2010,0
Azerbaijan,Malaria - number of reported deaths,2009,0
Azerbaijan,Malaria - number of reported deaths,2008,0
Azerbaijan,Malaria - number of reported deaths,2007,0
Azerbaijan,Malaria - number of reported deaths,2006,0
Azerbaijan,Malaria - number of reported deaths,2005,0
Azerbaijan,Malaria - number of reported deaths,2004,0
Azerbaijan,Malaria - number of reported deaths,2003,0
Azerbaijan,Malaria - number of reported deaths,2002,0
Azerbaijan,Malaria - number of reported deaths,2001,0
Azerbaijan,Malaria - number of reported deaths,2000,0
Bangladesh,Malaria - number of reported deaths,2017,13
Bangladesh,Malaria - number of reported deaths,2016,17
Bangladesh,Malaria - number of reported deaths,2015,9
Bangladesh,Malaria - number of reported deaths,2014,45
Bangladesh,Malaria - number of reported deaths,2013,15
Bangladesh,Malaria - number of reported deaths,2012,11
Bangladesh,Malaria - number of reported deaths,2011,36
Bangladesh,Malaria - number of reported deaths,2010,37
Bangladesh,Malaria - number of reported deaths,2009,47
Bangladesh,Malaria - number of reported deaths,2008,154
Bangladesh,Malaria - number of reported deaths,2007,228
Bangladesh,Malaria - number of reported deaths,2006,508
Bangladesh,Malaria - number of reported deaths,2005,501
Bangladesh,Malaria - number of reported deaths,2004,505
Bangladesh,Malaria - number of reported deaths,2003,574
Bangladesh,Malaria - number of reported deaths,2002,598
Bangladesh,Malaria - number of reported deaths,2001,470
Bangladesh,Malaria - number of reported deaths,2000,484
Belize,Malaria - number of reported deaths,2017,0
Belize,Malaria - number of reported deaths,2016,0
Belize,Malaria - number of reported deaths,2015,0
Belize,Malaria - number of reported deaths,2014,0
Belize,Malaria - number of reported deaths,2013,0
Belize,Malaria - number of reported deaths,2012,0
Belize,Malaria - number of reported deaths,2011,0
Belize,Malaria - number of reported deaths,2010,0
Belize,Malaria - number of reported deaths,2009,0
Belize,Malaria - number of reported deaths,2008,0
Belize,Malaria - number of reported deaths,2007,0
Belize,Malaria - number of reported deaths,2006,1
Belize,Malaria - number of reported deaths,2005,0
Belize,Malaria - number of reported deaths,2004,1
Belize,Malaria - number of reported deaths,2002,0
Belize,Malaria - number of reported deaths,2001,0
Belize,Malaria - number of reported deaths,2000,0
Benin,Malaria - number of reported deaths,2017,"2,182"
Benin,Malaria - number of reported deaths,2016,"1,646"
Benin,Malaria - number of reported deaths,2015,"1,416"
Benin,Malaria - number of reported deaths,2014,"1,869"
Benin,Malaria - number of reported deaths,2013,"2,288"
Benin,Malaria - number of reported deaths,2012,"2,261"
Benin,Malaria - number of reported deaths,2011,"1,753"
Benin,Malaria - number of reported deaths,2010,964
Benin,Malaria - number of reported deaths,2009,"1,375"
Benin,Malaria - number of reported deaths,2008,918
Benin,Malaria - number of reported deaths,2007,"1,290"
Benin,Malaria - number of reported deaths,2006,"1,226"
Benin,Malaria - number of reported deaths,2005,322
Benin,Malaria - number of reported deaths,2004,944
Benin,Malaria - number of reported deaths,2003,560
Benin,Malaria - number of reported deaths,2002,707
Benin,Malaria - number of reported deaths,2001,468
Bhutan,Malaria - number of reported deaths,2017,1
Bhutan,Malaria - number of reported deaths,2016,0
Bhutan,Malaria - number of reported deaths,2015,0
Bhutan,Malaria - number of reported deaths,2014,0
Bhutan,Malaria - number of reported deaths,2013,0
Bhutan,Malaria - number of reported deaths,2012,1
Bhutan,Malaria - number of reported deaths,2011,1
Bhutan,Malaria - number of reported deaths,2010,2
Bhutan,Malaria - number of reported deaths,2009,4
Bhutan,Malaria - number of reported deaths,2008,2
Bhutan,Malaria - number of reported deaths,2007,2
Bhutan,Malaria - number of reported deaths,2006,7
Bhutan,Malaria - number of reported deaths,2005,5
Bhutan,Malaria - number of reported deaths,2004,7
Bhutan,Malaria - number of reported deaths,2003,14
Bhutan,Malaria - number of reported deaths,2002,11
Bhutan,Malaria - number of reported deaths,2001,14
Bhutan,Malaria - number of reported deaths,2000,15
Bolivia (Plurinational State of),Malaria - number of reported deaths,2017,0
Bolivia (Plurinational State of),Malaria - number of reported deaths,2016,0
Bolivia (Plurinational State of),Malaria - number of reported deaths,2015,0
Bolivia (Plurinational State of),Malaria - number of reported deaths,2014,1
Bolivia (Plurinational State of),Malaria - number of reported deaths,2013,0
Bolivia (Plurinational State of),Malaria - number of reported deaths,2012,0
Bolivia (Plurinational State of),Malaria - number of reported deaths,2011,0
Bolivia (Plurinational State of),Malaria - number of reported deaths,2010,0
Bolivia (Plurinational State of),Malaria - number of reported deaths,2009,0
Bolivia (Plurinational State of),Malaria - number of reported deaths,2008,0
Bolivia (Plurinational State of),Malaria - number of reported deaths,2007,0
Bolivia (Plurinational State of),Malaria - number of reported deaths,2006,0
Bolivia (Plurinational State of),Malaria - number of reported deaths,2005,0
Bolivia (Plurinational State of),Malaria - number of reported deaths,2004,3
Bolivia (Plurinational State of),Malaria - number of reported deaths,2003,1
Bolivia (Plurinational State of),Malaria - number of reported deaths,2002,4
Bolivia (Plurinational State of),Malaria - number of reported deaths,2001,0
Bolivia (Plurinational State of),Malaria - number of reported deaths,2000,11
Botswana,Malaria - number of reported deaths,2017,17
Botswana,Malaria - number of reported deaths,2016,3
Botswana,Malaria - number of reported deaths,2015,5
Botswana,Malaria - number of reported deaths,2014,22
Botswana,Malaria - number of reported deaths,2013,7
Botswana,Malaria - number of reported deaths,2012,3
Botswana,Malaria - number of reported deaths,2011,8
Botswana,Malaria - number of reported deaths,2010,8
Botswana,Malaria - number of reported deaths,2009,6
Botswana,Malaria - number of reported deaths,2008,12
Botswana,Malaria - number of reported deaths,2007,6
Botswana,Malaria - number of reported deaths,2006,40
Botswana,Malaria - number of reported deaths,2005,11
Botswana,Malaria - number of reported deaths,2004,19
Botswana,Malaria - number of reported deaths,2003,18
Botswana,Malaria - number of reported deaths,2002,23
Botswana,Malaria - number of reported deaths,2001,29
Brazil,Malaria - number of reported deaths,2017,30
Brazil,Malaria - number of reported deaths,2016,35
Brazil,Malaria - number of reported deaths,2015,35
Brazil,Malaria - number of reported deaths,2014,36
Brazil,Malaria - number of reported deaths,2013,40
Brazil,Malaria - number of reported deaths,2012,60
Brazil,Malaria - number of reported deaths,2011,70
Brazil,Malaria - number of reported deaths,2010,76
Brazil,Malaria - number of reported deaths,2009,85
Brazil,Malaria - number of reported deaths,2008,68
Brazil,Malaria - number of reported deaths,2007,93
Brazil,Malaria - number of reported deaths,2006,110
Brazil,Malaria - number of reported deaths,2005,123
Brazil,Malaria - number of reported deaths,2004,102
Brazil,Malaria - number of reported deaths,2003,104
Brazil,Malaria - number of reported deaths,2002,95
Brazil,Malaria - number of reported deaths,2001,142
Brazil,Malaria - number of reported deaths,2000,245
Burkina Faso,Malaria - number of reported deaths,2017,"4,144"
Burkina Faso,Malaria - number of reported deaths,2016,"3,974"
Burkina Faso,Malaria - number of reported deaths,2015,"5,379"
Burkina Faso,Malaria - number of reported deaths,2014,"5,632"
Burkina Faso,Malaria - number of reported deaths,2013,"6,294"
Burkina Faso,Malaria - number of reported deaths,2012,"7,963"
Burkina Faso,Malaria - number of reported deaths,2011,"7,001"
Burkina Faso,Malaria - number of reported deaths,2010,"9,024"
Burkina Faso,Malaria - number of reported deaths,2009,"7,982"
Burkina Faso,Malaria - number of reported deaths,2008,"7,834"
Burkina Faso,Malaria - number of reported deaths,2007,"6,472"
Burkina Faso,Malaria - number of reported deaths,2006,"8,083"
Burkina Faso,Malaria - number of reported deaths,2005,"5,224"
Burkina Faso,Malaria - number of reported deaths,2004,"4,205"
Burkina Faso,Malaria - number of reported deaths,2003,"4,860"
Burkina Faso,Malaria - number of reported deaths,2002,"4,032"
Burkina Faso,Malaria - number of reported deaths,2001,"4,233"
Burundi,Malaria - number of reported deaths,2017,"4,414"
Burundi,Malaria - number of reported deaths,2016,"5,853"
Burundi,Malaria - number of reported deaths,2015,"3,799"
Burundi,Malaria - number of reported deaths,2014,"2,974"
Burundi,Malaria - number of reported deaths,2013,"3,411"
Burundi,Malaria - number of reported deaths,2012,"2,263"
Burundi,Malaria - number of reported deaths,2011,"2,233"
Burundi,Malaria - number of reported deaths,2010,"2,677"
Burundi,Malaria - number of reported deaths,2009,"1,183"
Burundi,Malaria - number of reported deaths,2008,595
Burundi,Malaria - number of reported deaths,2007,167
Burundi,Malaria - number of reported deaths,2006,434
Burundi,Malaria - number of reported deaths,2005,776
Burundi,Malaria - number of reported deaths,2004,689
Burundi,Malaria - number of reported deaths,2003,425
Burundi,Malaria - number of reported deaths,2002,483
Burundi,Malaria - number of reported deaths,2001,417
Burundi,Malaria - number of reported deaths,2000,691
Cabo Verde,Malaria - number of reported deaths,2017,2
Cabo Verde,Malaria - number of reported deaths,2016,1
Cabo Verde,Malaria - number of reported deaths,2015,0
Cabo Verde,Malaria - number of reported deaths,2014,1
Cabo Verde,Malaria - number of reported deaths,2013,0
Cabo Verde,Malaria - number of reported deaths,2012,0
Cabo Verde,Malaria - number of reported deaths,2011,1
Cabo Verde,Malaria - number of reported deaths,2010,1
Cabo Verde,Malaria - number of reported deaths,2009,2
Cabo Verde,Malaria - number of reported deaths,2008,2
Cabo Verde,Malaria - number of reported deaths,2007,2
Cabo Verde,Malaria - number of reported deaths,2006,8
Cabo Verde,Malaria - number of reported deaths,2005,2
Cabo Verde,Malaria - number of reported deaths,2004,4
Cabo Verde,Malaria - number of reported deaths,2003,4
Cabo Verde,Malaria - number of reported deaths,2002,2
Cabo Verde,Malaria - number of reported deaths,2001,0
Cambodia,Malaria - number of reported deaths,2017,1
Cambodia,Malaria - number of reported deaths,2016,3
Cambodia,Malaria - number of reported deaths,2015,10
Cambodia,Malaria - number of reported deaths,2014,18
Cambodia,Malaria - number of reported deaths,2013,12
Cambodia,Malaria - number of reported deaths,2012,45
Cambodia,Malaria - number of reported deaths,2011,94
Cambodia,Malaria - number of reported deaths,2010,151
Cambodia,Malaria - number of reported deaths,2009,279
Cambodia,Malaria - number of reported deaths,2008,209
Cambodia,Malaria - number of reported deaths,2007,241
Cambodia,Malaria - number of reported deaths,2006,396
Cambodia,Malaria - number of reported deaths,2005,296
Cambodia,Malaria - number of reported deaths,2004,382
Cambodia,Malaria - number of reported deaths,2003,492
Cambodia,Malaria - number of reported deaths,2002,457
Cambodia,Malaria - number of reported deaths,2001,476
Cambodia,Malaria - number of reported deaths,2000,608
Cameroon,Malaria - number of reported deaths,2017,"3,195"
Cameroon,Malaria - number of reported deaths,2016,"2,639"
Cameroon,Malaria - number of reported deaths,2015,"3,440"
Cameroon,Malaria - number of reported deaths,2014,"4,398"
Cameroon,Malaria - number of reported deaths,2013,"4,349"
Cameroon,Malaria - number of reported deaths,2012,"3,209"
Cameroon,Malaria - number of reported deaths,2011,"3,808"
Cameroon,Malaria - number of reported deaths,2010,"4,536"
Cameroon,Malaria - number of reported deaths,2009,"4,943"
Cameroon,Malaria - number of reported deaths,2008,"7,673"
Cameroon,Malaria - number of reported deaths,2007,"1,811"
Cameroon,Malaria - number of reported deaths,2006,930
Cameroon,Malaria - number of reported deaths,2005,836
Central African Republic,Malaria - number of reported deaths,2017,"3,689"
Central African Republic,Malaria - number of reported deaths,2016,"2,668"
Central African Republic,Malaria - number of reported deaths,2015,"1,763"
Central African Republic,Malaria - number of reported deaths,2014,635
Central African Republic,Malaria - number of reported deaths,2013,"1,026"
Central African Republic,Malaria - number of reported deaths,2012,"1,442"
Central African Republic,Malaria - number of reported deaths,2011,858
Central African Republic,Malaria - number of reported deaths,2010,526
Central African Republic,Malaria - number of reported deaths,2009,667
Central African Republic,Malaria - number of reported deaths,2008,456
Central African Republic,Malaria - number of reported deaths,2007,578
Central African Republic,Malaria - number of reported deaths,2006,865
Central African Republic,Malaria - number of reported deaths,2005,668
Central African Republic,Malaria - number of reported deaths,2004,859
Central African Republic,Malaria - number of reported deaths,2003,417
Central African Republic,Malaria - number of reported deaths,2001,535
Central African Republic,Malaria - number of reported deaths,2000,439
Chad,Malaria - number of reported deaths,2017,"2,088"
Chad,Malaria - number of reported deaths,2016,"1,686"
Chad,Malaria - number of reported deaths,2015,"1,572"
Chad,Malaria - number of reported deaths,2014,"1,720"
Chad,Malaria - number of reported deaths,2013,"1,881"
Chad,Malaria - number of reported deaths,2012,"1,359"
Chad,Malaria - number of reported deaths,2011,"1,220"
Chad,Malaria - number of reported deaths,2010,886
Chad,Malaria - number of reported deaths,2009,221
Chad,Malaria - number of reported deaths,2008,"1,018"
Chad,Malaria - number of reported deaths,2007,617
Chad,Malaria - number of reported deaths,2006,837
Chad,Malaria - number of reported deaths,2005,558
Chad,Malaria - number of reported deaths,2004,13
Chad,Malaria - number of reported deaths,2003,"1,021"
Chad,Malaria - number of reported deaths,2002,98
Chad,Malaria - number of reported deaths,2001,957
Chad,Malaria - number of reported deaths,2000,712
China,Malaria - number of reported deaths,2017,7
China,Malaria - number of reported deaths,2016,15
China,Malaria - number of reported deaths,2015,20
China,Malaria - number of reported deaths,2014,0
China,Malaria - number of reported deaths,2013,0
China,Malaria - number of reported deaths,2012,0
China,Malaria - number of reported deaths,2011,33
China,Malaria - number of reported deaths,2010,19
China,Malaria - number of reported deaths,2009,10
China,Malaria - number of reported deaths,2008,23
China,Malaria - number of reported deaths,2007,18
China,Malaria - number of reported deaths,2006,37
China,Malaria - number of reported deaths,2005,48
China,Malaria - number of reported deaths,2004,31
China,Malaria - number of reported deaths,2003,52
China,Malaria - number of reported deaths,2002,42
China,Malaria - number of reported deaths,2001,27
China,Malaria - number of reported deaths,2000,31
Colombia,Malaria - number of reported deaths,2017,19
Colombia,Malaria - number of reported deaths,2016,36
Colombia,Malaria - number of reported deaths,2015,18
Colombia,Malaria - number of reported deaths,2014,17
Colombia,Malaria - number of reported deaths,2013,10
Colombia,Malaria - number of reported deaths,2012,24
Colombia,Malaria - number of reported deaths,2011,23
Colombia,Malaria - number of reported deaths,2010,42
Colombia,Malaria - number of reported deaths,2009,28
Colombia,Malaria - number of reported deaths,2008,54
Colombia,Malaria - number of reported deaths,2007,68
Colombia,Malaria - number of reported deaths,2006,77
Colombia,Malaria - number of reported deaths,2005,87
Colombia,Malaria - number of reported deaths,2004,126
Colombia,Malaria - number of reported deaths,2003,118
Colombia,Malaria - number of reported deaths,2002,162
Colombia,Malaria - number of reported deaths,2001,168
Colombia,Malaria - number of reported deaths,2000,124
Comoros,Malaria - number of reported deaths,2017,3
Comoros,Malaria - number of reported deaths,2016,0
Comoros,Malaria - number of reported deaths,2015,1
Comoros,Malaria - number of reported deaths,2014,0
Comoros,Malaria - number of reported deaths,2013,15
Comoros,Malaria - number of reported deaths,2012,17
Comoros,Malaria - number of reported deaths,2011,19
Comoros,Malaria - number of reported deaths,2010,53
Comoros,Malaria - number of reported deaths,2008,47
Comoros,Malaria - number of reported deaths,2007,20
Comoros,Malaria - number of reported deaths,2006,56
Comoros,Malaria - number of reported deaths,2005,92
Comoros,Malaria - number of reported deaths,2004,28
Congo,Malaria - number of reported deaths,2017,229
Congo,Malaria - number of reported deaths,2016,733
Congo,Malaria - number of reported deaths,2015,435
Congo,Malaria - number of reported deaths,2014,271
Congo,Malaria - number of reported deaths,2013,"2,870"
Congo,Malaria - number of reported deaths,2012,623
Congo,Malaria - number of reported deaths,2011,892
Congo,Malaria - number of reported deaths,2009,116
Congo,Malaria - number of reported deaths,2008,143
Congo,Malaria - number of reported deaths,2007,113
Costa Rica,Malaria - number of reported deaths,2017,0
Costa Rica,Malaria - number of reported deaths,2016,0
Costa Rica,Malaria - number of reported deaths,2015,0
Costa Rica,Malaria - number of reported deaths,2014,0
Costa Rica,Malaria - number of reported deaths,2013,0
Costa Rica,Malaria - number of reported deaths,2012,0
Costa Rica,Malaria - number of reported deaths,2011,0
Costa Rica,Malaria - number of reported deaths,2010,0
Costa Rica,Malaria - number of reported deaths,2009,1
Costa Rica,Malaria - number of reported deaths,2008,0
Costa Rica,Malaria - number of reported deaths,2007,0
Costa Rica,Malaria - number of reported deaths,2006,0
Costa Rica,Malaria - number of reported deaths,2005,0
Costa Rica,Malaria - number of reported deaths,2004,0
Costa Rica,Malaria - number of reported deaths,2003,0
Costa Rica,Malaria - number of reported deaths,2002,0
Costa Rica,Malaria - number of reported deaths,2001,0
Costa Rica,Malaria - number of reported deaths,2000,0
Côte d’Ivoire,Malaria - number of reported deaths,2017,"3,222"
Côte d’Ivoire,Malaria - number of reported deaths,2016,"3,340"
Côte d’Ivoire,Malaria - number of reported deaths,2015,"2,604"
Côte d’Ivoire,Malaria - number of reported deaths,2014,"4,069"
Côte d’Ivoire,Malaria - number of reported deaths,2013,"3,261"
Côte d’Ivoire,Malaria - number of reported deaths,2012,"1,534"
Côte d’Ivoire,Malaria - number of reported deaths,2011,"1,389"
Côte d’Ivoire,Malaria - number of reported deaths,2010,"1,023"
Côte d’Ivoire,Malaria - number of reported deaths,2009,"18,156"
Côte d’Ivoire,Malaria - number of reported deaths,2008,"1,249"
Côte d’Ivoire,Malaria - number of reported deaths,2007,797
Democratic People's Republic of Korea,Malaria - number of reported deaths,2017,0
Democratic People's Republic of Korea,Malaria - number of reported deaths,2016,0
Democratic People's Republic of Korea,Malaria - number of reported deaths,2015,0
Democratic People's Republic of Korea,Malaria - number of reported deaths,2014,0
Democratic People's Republic of Korea,Malaria - number of reported deaths,2013,0
Democratic People's Republic of Korea,Malaria - number of reported deaths,2012,0
Democratic People's Republic of Korea,Malaria - number of reported deaths,2011,0
Democratic People's Republic of Korea,Malaria - number of reported deaths,2010,0
Democratic People's Republic of Korea,Malaria - number of reported deaths,2009,0
Democratic People's Republic of Korea,Malaria - number of reported deaths,2008,0
Democratic People's Republic of Korea,Malaria - number of reported deaths,2007,0
Democratic Republic of the Congo,Malaria - number of reported deaths,2017,"27,458"
Democratic Republic of the Congo,Malaria - number of reported deaths,2016,"33,997"
Democratic Republic of the Congo,Malaria - number of reported deaths,2015,"39,054"
Democratic Republic of the Congo,Malaria - number of reported deaths,2014,"25,502"
Democratic Republic of the Congo,Malaria - number of reported deaths,2013,"30,918"
Democratic Republic of the Congo,Malaria - number of reported deaths,2012,"21,601"
Democratic Republic of the Congo,Malaria - number of reported deaths,2011,"23,748"
Democratic Republic of the Congo,Malaria - number of reported deaths,2010,"23,476"
Democratic Republic of the Congo,Malaria - number of reported deaths,2009,"21,168"
Democratic Republic of the Congo,Malaria - number of reported deaths,2008,"17,940"
Democratic Republic of the Congo,Malaria - number of reported deaths,2007,"14,372"
Democratic Republic of the Congo,Malaria - number of reported deaths,2006,"12,970"
Democratic Republic of the Congo,Malaria - number of reported deaths,2005,"15,322"
Democratic Republic of the Congo,Malaria - number of reported deaths,2004,"13,613"
Democratic Republic of the Congo,Malaria - number of reported deaths,2003,989
Democratic Republic of the Congo,Malaria - number of reported deaths,2002,"2,152"
Democratic Republic of the Congo,Malaria - number of reported deaths,2001,416
Democratic Republic of the Congo,Malaria - number of reported deaths,2000,"3,856"
Djibouti,Malaria - number of reported deaths,2016,5
Djibouti,Malaria - number of reported deaths,2015,23
Djibouti,Malaria - number of reported deaths,2014,28
Djibouti,Malaria - number of reported deaths,2013,17
Djibouti,Malaria - number of reported deaths,2012,0
Djibouti,Malaria - number of reported deaths,2011,0
Djibouti,Malaria - number of reported deaths,2010,0
Djibouti,Malaria - number of reported deaths,2009,0
Djibouti,Malaria - number of reported deaths,2007,1
Djibouti,Malaria - number of reported deaths,2006,29
Dominican Republic,Malaria - number of reported deaths,2017,1
Dominican Republic,Malaria - number of reported deaths,2016,2
Dominican Republic,Malaria - number of reported deaths,2015,3
Dominican Republic,Malaria - number of reported deaths,2014,4
Dominican Republic,Malaria - number of reported deaths,2013,5
Dominican Republic,Malaria - number of reported deaths,2012,8
Dominican Republic,Malaria - number of reported deaths,2011,10
Dominican Republic,Malaria - number of reported deaths,2010,15
Dominican Republic,Malaria - number of reported deaths,2009,14
Dominican Republic,Malaria - number of reported deaths,2008,11
Dominican Republic,Malaria - number of reported deaths,2007,17
Dominican Republic,Malaria - number of reported deaths,2006,10
Dominican Republic,Malaria - number of reported deaths,2005,16
Dominican Republic,Malaria - number of reported deaths,2004,16
Dominican Republic,Malaria - number of reported deaths,2003,12
Dominican Republic,Malaria - number of reported deaths,2002,11
Dominican Republic,Malaria - number of reported deaths,2001,17
Dominican Republic,Malaria - number of reported deaths,2000,6
Ecuador,Malaria - number of reported deaths,2017,1
Ecuador,Malaria - number of reported deaths,2016,0
Ecuador,Malaria - number of reported deaths,2015,0
Ecuador,Malaria - number of reported deaths,2014,0
Ecuador,Malaria - number of reported deaths,2013,0
Ecuador,Malaria - number of reported deaths,2012,0
Ecuador,Malaria - number of reported deaths,2011,0
Ecuador,Malaria - number of reported deaths,2010,0
Ecuador,Malaria - number of reported deaths,2009,6
Ecuador,Malaria - number of reported deaths,2008,5
Ecuador,Malaria - number of reported deaths,2007,8
Ecuador,Malaria - number of reported deaths,2006,9
Ecuador,Malaria - number of reported deaths,2005,22
Ecuador,Malaria - number of reported deaths,2004,37
Ecuador,Malaria - number of reported deaths,2003,46
Ecuador,Malaria - number of reported deaths,2002,64
Ecuador,Malaria - number of reported deaths,2001,84
Ecuador,Malaria - number of reported deaths,2000,66
Egypt,Malaria - number of reported deaths,2011,4
Egypt,Malaria - number of reported deaths,2010,2
Egypt,Malaria - number of reported deaths,2009,2
Egypt,Malaria - number of reported deaths,2008,2
Egypt,Malaria - number of reported deaths,2007,0
Egypt,Malaria - number of reported deaths,2006,0
El Salvador,Malaria - number of reported deaths,2017,0
El Salvador,Malaria - number of reported deaths,2016,0
El Salvador,Malaria - number of reported deaths,2015,0
El Salvador,Malaria - number of reported deaths,2014,0
El Salvador,Malaria - number of reported deaths,2013,0
El Salvador,Malaria - number of reported deaths,2012,0
El Salvador,Malaria - number of reported deaths,2011,0
El Salvador,Malaria - number of reported deaths,2010,0
El Salvador,Malaria - number of reported deaths,2009,0
El Salvador,Malaria - number of reported deaths,2008,0
El Salvador,Malaria - number of reported deaths,2007,0
El Salvador,Malaria - number of reported deaths,2006,0
El Salvador,Malaria - number of reported deaths,2005,0
El Salvador,Malaria - number of reported deaths,2004,0
El Salvador,Malaria - number of reported deaths,2003,0
El Salvador,Malaria - number of reported deaths,2002,0
El Salvador,Malaria - number of reported deaths,2001,0
El Salvador,Malaria - number of reported deaths,2000,0
Equatorial Guinea,Malaria - number of reported deaths,2016,109
Equatorial Guinea,Malaria - number of reported deaths,2015,28
Equatorial Guinea,Malaria - number of reported deaths,2013,66
Equatorial Guinea,Malaria - number of reported deaths,2012,77
Equatorial Guinea,Malaria - number of reported deaths,2011,52
Equatorial Guinea,Malaria - number of reported deaths,2010,30
Equatorial Guinea,Malaria - number of reported deaths,2009,23
Equatorial Guinea,Malaria - number of reported deaths,2008,4
Eritrea,Malaria - number of reported deaths,2017,8
Eritrea,Malaria - number of reported deaths,2016,21
Eritrea,Malaria - number of reported deaths,2015,12
Eritrea,Malaria - number of reported deaths,2014,15
Eritrea,Malaria - number of reported deaths,2013,6
Eritrea,Malaria - number of reported deaths,2012,30
Eritrea,Malaria - number of reported deaths,2011,12
Eritrea,Malaria - number of reported deaths,2010,27
Eritrea,Malaria - number of reported deaths,2009,23
Eritrea,Malaria - number of reported deaths,2008,19
Eritrea,Malaria - number of reported deaths,2007,42
Eritrea,Malaria - number of reported deaths,2006,47
Eritrea,Malaria - number of reported deaths,2005,49
Eritrea,Malaria - number of reported deaths,2004,24
Eritrea,Malaria - number of reported deaths,2003,79
Eritrea,Malaria - number of reported deaths,2002,86
Eritrea,Malaria - number of reported deaths,2001,133
Eswatini,Malaria - number of reported deaths,2017,20
Eswatini,Malaria - number of reported deaths,2016,3
Eswatini,Malaria - number of reported deaths,2015,5
Eswatini,Malaria - number of reported deaths,2013,4
Eswatini,Malaria - number of reported deaths,2012,3
Eswatini,Malaria - number of reported deaths,2011,1
Eswatini,Malaria - number of reported deaths,2010,8
Eswatini,Malaria - number of reported deaths,2009,13
Eswatini,Malaria - number of reported deaths,2008,10
Eswatini,Malaria - number of reported deaths,2007,17
Eswatini,Malaria - number of reported deaths,2006,27
Eswatini,Malaria - number of reported deaths,2005,17
Eswatini,Malaria - number of reported deaths,2004,28
Eswatini,Malaria - number of reported deaths,2003,30
Eswatini,Malaria - number of reported deaths,2002,46
Eswatini,Malaria - number of reported deaths,2001,62
Ethiopia,Malaria - number of reported deaths,2017,356
Ethiopia,Malaria - number of reported deaths,2016,510
Ethiopia,Malaria - number of reported deaths,2015,662
Ethiopia,Malaria - number of reported deaths,2014,213
Ethiopia,Malaria - number of reported deaths,2013,358
Ethiopia,Malaria - number of reported deaths,2012,"1,621"
Ethiopia,Malaria - number of reported deaths,2011,936
Ethiopia,Malaria - number of reported deaths,2010,"1,581"
Ethiopia,Malaria - number of reported deaths,2009,"1,121"
Ethiopia,Malaria - number of reported deaths,2008,"1,169"
Ethiopia,Malaria - number of reported deaths,2007,991
Ethiopia,Malaria - number of reported deaths,2006,"1,357"
Ethiopia,Malaria - number of reported deaths,2005,"1,086"
Ethiopia,Malaria - number of reported deaths,2004,"3,327"
Ethiopia,Malaria - number of reported deaths,2003,"2,138"
Ethiopia,Malaria - number of reported deaths,2002,"1,607"
Ethiopia,Malaria - number of reported deaths,2001,"1,681"
Gabon,Malaria - number of reported deaths,2017,218
Gabon,Malaria - number of reported deaths,2016,101
Gabon,Malaria - number of reported deaths,2015,309
Gabon,Malaria - number of reported deaths,2014,159
Gabon,Malaria - number of reported deaths,2013,273
Gabon,Malaria - number of reported deaths,2012,134
Gabon,Malaria - number of reported deaths,2011,74
Gabon,Malaria - number of reported deaths,2010,182
Gabon,Malaria - number of reported deaths,2009,197
Gabon,Malaria - number of reported deaths,2008,156
Gabon,Malaria - number of reported deaths,2007,216
Gabon,Malaria - number of reported deaths,2006,238
Gabon,Malaria - number of reported deaths,2005,353
Gabon,Malaria - number of reported deaths,2004,466
Gabon,Malaria - number of reported deaths,2003,692
Gabon,Malaria - number of reported deaths,2002,"1,141"
Gabon,Malaria - number of reported deaths,2001,"1,693"
Gabon,Malaria - number of reported deaths,2000,"2,016"
Gambia,Malaria - number of reported deaths,2017,54
Gambia,Malaria - number of reported deaths,2016,79
Gambia,Malaria - number of reported deaths,2015,167
Gambia,Malaria - number of reported deaths,2014,170
Gambia,Malaria - number of reported deaths,2013,262
Gambia,Malaria - number of reported deaths,2012,289
Gambia,Malaria - number of reported deaths,2011,440
Gambia,Malaria - number of reported deaths,2010,151
Gambia,Malaria - number of reported deaths,2009,240
Gambia,Malaria - number of reported deaths,2008,403
Gambia,Malaria - number of reported deaths,2007,424
Gambia,Malaria - number of reported deaths,2006,150
Gambia,Malaria - number of reported deaths,2005,426
Gambia,Malaria - number of reported deaths,2004,153
Gambia,Malaria - number of reported deaths,2003,192
Gambia,Malaria - number of reported deaths,2002,259
Gambia,Malaria - number of reported deaths,2001,275
Georgia,Malaria - number of reported deaths,2016,0
Georgia,Malaria - number of reported deaths,2015,1
Georgia,Malaria - number of reported deaths,2014,0
Georgia,Malaria - number of reported deaths,2013,0
Georgia,Malaria - number of reported deaths,2012,0
Georgia,Malaria - number of reported deaths,2011,0
Georgia,Malaria - number of reported deaths,2010,0
Georgia,Malaria - number of reported deaths,2009,0
Georgia,Malaria - number of reported deaths,2008,0
Georgia,Malaria - number of reported deaths,2007,0
Georgia,Malaria - number of reported deaths,2006,0
Georgia,Malaria - number of reported deaths,2005,0
Georgia,Malaria - number of reported deaths,2004,0
Georgia,Malaria - number of reported deaths,2003,0
Georgia,Malaria - number of reported deaths,2002,0
Georgia,Malaria - number of reported deaths,2001,0
Georgia,Malaria - number of reported deaths,2000,0
Ghana,Malaria - number of reported deaths,2017,599
Ghana,Malaria - number of reported deaths,2016,"1,264"
Ghana,Malaria - number of reported deaths,2015,"2,137"
Ghana,Malaria - number of reported deaths,2014,"2,200"
Ghana,Malaria - number of reported deaths,2013,"2,506"
Ghana,Malaria - number of reported deaths,2012,"2,855"
Ghana,Malaria - number of reported deaths,2011,"3,259"
Ghana,Malaria - number of reported deaths,2010,"3,859"
Ghana,Malaria - number of reported deaths,2009,"3,378"
Ghana,Malaria - number of reported deaths,2008,"3,889"
Ghana,Malaria - number of reported deaths,2007,"4,622"
Ghana,Malaria - number of reported deaths,2006,"3,125"
Ghana,Malaria - number of reported deaths,2005,"2,037"
Ghana,Malaria - number of reported deaths,2004,"1,575"
Ghana,Malaria - number of reported deaths,2003,"2,103"
Ghana,Malaria - number of reported deaths,2002,"2,376"
Ghana,Malaria - number of reported deaths,2001,"1,717"
Ghana,Malaria - number of reported deaths,2000,"6,108"
Guatemala,Malaria - number of reported deaths,2017,0
Guatemala,Malaria - number of reported deaths,2016,0
Guatemala,Malaria - number of reported deaths,2015,1
Guatemala,Malaria - number of reported deaths,2014,1
Guatemala,Malaria - number of reported deaths,2013,1
Guatemala,Malaria - number of reported deaths,2012,0
Guatemala,Malaria - number of reported deaths,2011,0
Guatemala,Malaria - number of reported deaths,2010,0
Guatemala,Malaria - number of reported deaths,2009,0
Guatemala,Malaria - number of reported deaths,2008,0
Guatemala,Malaria - number of reported deaths,2007,3
Guatemala,Malaria - number of reported deaths,2006,2
Guatemala,Malaria - number of reported deaths,2005,4
Guatemala,Malaria - number of reported deaths,2004,2
Guatemala,Malaria - number of reported deaths,2003,0
Guatemala,Malaria - number of reported deaths,2002,0
Guatemala,Malaria - number of reported deaths,2001,0
Guatemala,Malaria - number of reported deaths,2000,0
Guinea,Malaria - number of reported deaths,2017,"1,174"
Guinea,Malaria - number of reported deaths,2016,867
Guinea,Malaria - number of reported deaths,2015,846
Guinea,Malaria - number of reported deaths,2014,"1,067"
Guinea,Malaria - number of reported deaths,2013,108
Guinea,Malaria - number of reported deaths,2012,979
Guinea,Malaria - number of reported deaths,2011,743
Guinea,Malaria - number of reported deaths,2010,735
Guinea,Malaria - number of reported deaths,2009,586
Guinea,Malaria - number of reported deaths,2008,441
Guinea,Malaria - number of reported deaths,2007,472
Guinea,Malaria - number of reported deaths,2005,490
Guinea,Malaria - number of reported deaths,2004,528
Guinea,Malaria - number of reported deaths,2003,586
Guinea,Malaria - number of reported deaths,2002,440
Guinea,Malaria - number of reported deaths,2001,517
Guinea,Malaria - number of reported deaths,2000,626
Guinea-Bissau,Malaria - number of reported deaths,2017,296
Guinea-Bissau,Malaria - number of reported deaths,2016,191
Guinea-Bissau,Malaria - number of reported deaths,2015,477
Guinea-Bissau,Malaria - number of reported deaths,2014,357
Guinea-Bissau,Malaria - number of reported deaths,2013,418
Guinea-Bissau,Malaria - number of reported deaths,2012,370
Guinea-Bissau,Malaria - number of reported deaths,2011,472
Guinea-Bissau,Malaria - number of reported deaths,2010,296
Guinea-Bissau,Malaria - number of reported deaths,2009,369
Guinea-Bissau,Malaria - number of reported deaths,2008,487
Guinea-Bissau,Malaria - number of reported deaths,2007,370
Guinea-Bissau,Malaria - number of reported deaths,2006,507
Guinea-Bissau,Malaria - number of reported deaths,2005,565
Guinea-Bissau,Malaria - number of reported deaths,2004,565
Guinea-Bissau,Malaria - number of reported deaths,2003,"1,137"
Guinea-Bissau,Malaria - number of reported deaths,2002,780
Guinea-Bissau,Malaria - number of reported deaths,2001,635
Guyana,Malaria - number of reported deaths,2017,11
Guyana,Malaria - number of reported deaths,2016,13
Guyana,Malaria - number of reported deaths,2015,12
Guyana,Malaria - number of reported deaths,2014,11
Guyana,Malaria - number of reported deaths,2013,14
Guyana,Malaria - number of reported deaths,2012,35
Guyana,Malaria - number of reported deaths,2011,36
Guyana,Malaria - number of reported deaths,2010,24
Guyana,Malaria - number of reported deaths,2009,20
Guyana,Malaria - number of reported deaths,2008,11
Guyana,Malaria - number of reported deaths,2007,20
Guyana,Malaria - number of reported deaths,2006,20
Guyana,Malaria - number of reported deaths,2005,33
Guyana,Malaria - number of reported deaths,2004,38
Guyana,Malaria - number of reported deaths,2003,44
Guyana,Malaria - number of reported deaths,2002,28
Guyana,Malaria - number of reported deaths,2001,30
Guyana,Malaria - number of reported deaths,2000,29
Haiti,Malaria - number of reported deaths,2017,12
Haiti,Malaria - number of reported deaths,2016,13
Haiti,Malaria - number of reported deaths,2015,15
Haiti,Malaria - number of reported deaths,2014,9
Haiti,Malaria - number of reported deaths,2013,10
Haiti,Malaria - number of reported deaths,2012,6
Haiti,Malaria - number of reported deaths,2011,5
Haiti,Malaria - number of reported deaths,2010,8
Haiti,Malaria - number of reported deaths,2009,7
Haiti,Malaria - number of reported deaths,2008,17
Haiti,Malaria - number of reported deaths,2007,28
Haiti,Malaria - number of reported deaths,2006,32
Haiti,Malaria - number of reported deaths,2005,29
Haiti,Malaria - number of reported deaths,2004,24
Haiti,Malaria - number of reported deaths,2003,109
Haiti,Malaria - number of reported deaths,2002,77
Haiti,Malaria - number of reported deaths,2001,70
Haiti,Malaria - number of reported deaths,2000,16
Honduras,Malaria - number of reported deaths,2017,1
Honduras,Malaria - number of reported deaths,2016,0
Honduras,Malaria - number of reported deaths,2015,0
Honduras,Malaria - number of reported deaths,2014,2
Honduras,Malaria - number of reported deaths,2013,1
Honduras,Malaria - number of reported deaths,2012,1
Honduras,Malaria - number of reported deaths,2011,2
Honduras,Malaria - number of reported deaths,2010,3
Honduras,Malaria - number of reported deaths,2009,1
Honduras,Malaria - number of reported deaths,2008,2
Honduras,Malaria - number of reported deaths,2007,2
Honduras,Malaria - number of reported deaths,2006,0
Honduras,Malaria - number of reported deaths,2005,1
Honduras,Malaria - number of reported deaths,2004,0
Honduras,Malaria - number of reported deaths,2003,0
Honduras,Malaria - number of reported deaths,2002,0
Honduras,Malaria - number of reported deaths,2001,0
Honduras,Malaria - number of reported deaths,2000,0
India,Malaria - number of reported deaths,2017,194
India,Malaria - number of reported deaths,2016,331
India,Malaria - number of reported deaths,2015,384
India,Malaria - number of reported deaths,2014,562
India,Malaria - number of reported deaths,2013,440
India,Malaria - number of reported deaths,2012,519
India,Malaria - number of reported deaths,2011,754
India,Malaria - number of reported deaths,2010,"1,018"
India,Malaria - number of reported deaths,2009,"1,144"
India,Malaria - number of reported deaths,2008,"1,055"
India,Malaria - number of reported deaths,2007,"1,311"
India,Malaria - number of reported deaths,2006,"1,708"
India,Malaria - number of reported deaths,2005,963
India,Malaria - number of reported deaths,2004,949
India,Malaria - number of reported deaths,2003,"1,006"
India,Malaria - number of reported deaths,2002,973
India,Malaria - number of reported deaths,2001,"1,015"
India,Malaria - number of reported deaths,2000,892
Indonesia,Malaria - number of reported deaths,2017,47
Indonesia,Malaria - number of reported deaths,2016,161
Indonesia,Malaria - number of reported deaths,2015,157
Indonesia,Malaria - number of reported deaths,2014,217
Indonesia,Malaria - number of reported deaths,2013,385
Indonesia,Malaria - number of reported deaths,2012,252
Indonesia,Malaria - number of reported deaths,2011,388
Indonesia,Malaria - number of reported deaths,2010,432
Indonesia,Malaria - number of reported deaths,2009,900
Indonesia,Malaria - number of reported deaths,2008,669
Indonesia,Malaria - number of reported deaths,2006,494
Indonesia,Malaria - number of reported deaths,2005,88
Indonesia,Malaria - number of reported deaths,2004,508
Indonesia,Malaria - number of reported deaths,2000,833
Iran (Islamic Republic of),Malaria - number of reported deaths,2017,1
Iran (Islamic Republic of),Malaria - number of reported deaths,2016,0
Iran (Islamic Republic of),Malaria - number of reported deaths,2015,1
Iran (Islamic Republic of),Malaria - number of reported deaths,2014,0
Iran (Islamic Republic of),Malaria - number of reported deaths,2013,0
Iran (Islamic Republic of),Malaria - number of reported deaths,2012,0
Iran (Islamic Republic of),Malaria - number of reported deaths,2011,0
Iran (Islamic Republic of),Malaria - number of reported deaths,2010,0
Iran (Islamic Republic of),Malaria - number of reported deaths,2008,3
Iran (Islamic Republic of),Malaria - number of reported deaths,2007,3
Iran (Islamic Republic of),Malaria - number of reported deaths,2006,1
Iran (Islamic Republic of),Malaria - number of reported deaths,2005,1
Iran (Islamic Republic of),Malaria - number of reported deaths,2004,1
Iran (Islamic Republic of),Malaria - number of reported deaths,2003,5
Iran (Islamic Republic of),Malaria - number of reported deaths,2002,2
Iran (Islamic Republic of),Malaria - number of reported deaths,2001,2
Iran (Islamic Republic of),Malaria - number of reported deaths,2000,4
Iraq,Malaria - number of reported deaths,2014,0
Iraq,Malaria - number of reported deaths,2013,0
Iraq,Malaria - number of reported deaths,2012,0
Iraq,Malaria - number of reported deaths,2011,0
Iraq,Malaria - number of reported deaths,2010,0
Iraq,Malaria - number of reported deaths,2009,0
Iraq,Malaria - number of reported deaths,2008,0
Iraq,Malaria - number of reported deaths,2007,0
Iraq,Malaria - number of reported deaths,2006,0
Iraq,Malaria - number of reported deaths,2005,0
Kenya,Malaria - number of reported deaths,2016,603
Kenya,Malaria - number of reported deaths,2015,"15,061"
Kenya,Malaria - number of reported deaths,2014,472
Kenya,Malaria - number of reported deaths,2013,360
Kenya,Malaria - number of reported deaths,2012,785
Kenya,Malaria - number of reported deaths,2011,713
Kenya,Malaria - number of reported deaths,2010,"26,017"
Kenya,Malaria - number of reported deaths,2006,"40,079"
Kenya,Malaria - number of reported deaths,2005,"44,328"
Kenya,Malaria - number of reported deaths,2004,"25,403"
Kenya,Malaria - number of reported deaths,2003,"51,842"
Kenya,Malaria - number of reported deaths,2002,"47,697"
Kenya,Malaria - number of reported deaths,2001,"48,286"
Kenya,Malaria - number of reported deaths,2000,"48,767"
Kyrgyzstan,Malaria - number of reported deaths,2016,0
Kyrgyzstan,Malaria - number of reported deaths,2015,0
Kyrgyzstan,Malaria - number of reported deaths,2014,0
Kyrgyzstan,Malaria - number of reported deaths,2013,0
Kyrgyzstan,Malaria - number of reported deaths,2012,0
Kyrgyzstan,Malaria - number of reported deaths,2011,1
Kyrgyzstan,Malaria - number of reported deaths,2010,0
Kyrgyzstan,Malaria - number of reported deaths,2009,0
Kyrgyzstan,Malaria - number of reported deaths,2008,0
Kyrgyzstan,Malaria - number of reported deaths,2007,0
Kyrgyzstan,Malaria - number of reported deaths,2006,0
Kyrgyzstan,Malaria - number of reported deaths,2005,0
Kyrgyzstan,Malaria - number of reported deaths,2004,0
Kyrgyzstan,Malaria - number of reported deaths,2003,0
Kyrgyzstan,Malaria - number of reported deaths,2002,0
Kyrgyzstan,Malaria - number of reported deaths,2001,0
Kyrgyzstan,Malaria - number of reported deaths,2000,0
Lao People's Democratic Republic,Malaria - number of reported deaths,2017,2
Lao People's Democratic Republic,Malaria - number of reported deaths,2016,1
Lao People's Democratic Republic,Malaria - number of reported deaths,2015,2
Lao People's Democratic Republic,Malaria - number of reported deaths,2014,4
Lao People's Democratic Republic,Malaria - number of reported deaths,2013,28
Lao People's Democratic Republic,Malaria - number of reported deaths,2012,44
Lao People's Democratic Republic,Malaria - number of reported deaths,2011,17
Lao People's Democratic Republic,Malaria - number of reported deaths,2010,24
Lao People's Democratic Republic,Malaria - number of reported deaths,2009,5
Lao People's Democratic Republic,Malaria - number of reported deaths,2008,11
Lao People's Democratic Republic,Malaria - number of reported deaths,2007,14
Lao People's Democratic Republic,Malaria - number of reported deaths,2006,21
Lao People's Democratic Republic,Malaria - number of reported deaths,2005,77
Lao People's Democratic Republic,Malaria - number of reported deaths,2004,105
Lao People's Democratic Republic,Malaria - number of reported deaths,2003,187
Lao People's Democratic Republic,Malaria - number of reported deaths,2002,195
Lao People's Democratic Republic,Malaria - number of reported deaths,2001,242
Lao People's Democratic Republic,Malaria - number of reported deaths,2000,350
Liberia,Malaria - number of reported deaths,2017,758
Liberia,Malaria - number of reported deaths,2016,"1,259"
Liberia,Malaria - number of reported deaths,2015,"1,379"
Liberia,Malaria - number of reported deaths,2014,"2,288"
Liberia,Malaria - number of reported deaths,2013,"1,191"
Liberia,Malaria - number of reported deaths,2012,"1,725"
Liberia,Malaria - number of reported deaths,2010,"1,422"
Liberia,Malaria - number of reported deaths,2009,"1,706"
Liberia,Malaria - number of reported deaths,2008,345
Liberia,Malaria - number of reported deaths,2007,310
Liberia,Malaria - number of reported deaths,2006,877
Liberia,Malaria - number of reported deaths,2005,41
Madagascar,Malaria - number of reported deaths,2017,370
Madagascar,Malaria - number of reported deaths,2016,443
Madagascar,Malaria - number of reported deaths,2015,841
Madagascar,Malaria - number of reported deaths,2014,551
Madagascar,Malaria - number of reported deaths,2013,641
Madagascar,Malaria - number of reported deaths,2012,552
Madagascar,Malaria - number of reported deaths,2011,398
Madagascar,Malaria - number of reported deaths,2010,427
Madagascar,Malaria - number of reported deaths,2009,348
Madagascar,Malaria - number of reported deaths,2008,355
Madagascar,Malaria - number of reported deaths,2007,428
Madagascar,Malaria - number of reported deaths,2006,441
Madagascar,Malaria - number of reported deaths,2005,699
Madagascar,Malaria - number of reported deaths,2004,715
Madagascar,Malaria - number of reported deaths,2003,817
Madagascar,Malaria - number of reported deaths,2002,575
Madagascar,Malaria - number of reported deaths,2001,742
Madagascar,Malaria - number of reported deaths,2000,591
Malawi,Malaria - number of reported deaths,2017,"3,613"
Malawi,Malaria - number of reported deaths,2016,"4,000"
Malawi,Malaria - number of reported deaths,2015,"3,799"
Malawi,Malaria - number of reported deaths,2014,"4,490"
Malawi,Malaria - number of reported deaths,2013,"3,723"
Malawi,Malaria - number of reported deaths,2012,"5,516"
Malawi,Malaria - number of reported deaths,2011,"6,674"
Malawi,Malaria - number of reported deaths,2010,"8,206"
Malawi,Malaria - number of reported deaths,2009,"8,915"
Malawi,Malaria - number of reported deaths,2008,"8,048"
Malawi,Malaria - number of reported deaths,2007,"7,486"
Malawi,Malaria - number of reported deaths,2006,"6,464"
Malawi,Malaria - number of reported deaths,2005,"5,070"
Malawi,Malaria - number of reported deaths,2004,"3,457"
Malawi,Malaria - number of reported deaths,2003,"4,767"
Malawi,Malaria - number of reported deaths,2002,"5,775"
Malawi,Malaria - number of reported deaths,2001,"3,355"
Malaysia,Malaria - number of reported deaths,2017,12
Malaysia,Malaria - number of reported deaths,2016,2
Malaysia,Malaria - number of reported deaths,2015,4
Malaysia,Malaria - number of reported deaths,2014,4
Malaysia,Malaria - number of reported deaths,2013,10
Malaysia,Malaria - number of reported deaths,2012,12
Malaysia,Malaria - number of reported deaths,2011,12
Malaysia,Malaria - number of reported deaths,2010,13
Malaysia,Malaria - number of reported deaths,2009,23
Malaysia,Malaria - number of reported deaths,2008,20
Malaysia,Malaria - number of reported deaths,2007,15
Malaysia,Malaria - number of reported deaths,2006,21
Malaysia,Malaria - number of reported deaths,2005,33
Malaysia,Malaria - number of reported deaths,2004,35
Malaysia,Malaria - number of reported deaths,2003,21
Malaysia,Malaria - number of reported deaths,2002,38
Malaysia,Malaria - number of reported deaths,2001,46
Malaysia,Malaria - number of reported deaths,2000,35
Mali,Malaria - number of reported deaths,2017,"1,050"
Mali,Malaria - number of reported deaths,2016,"1,344"
Mali,Malaria - number of reported deaths,2015,"1,544"
Mali,Malaria - number of reported deaths,2014,"2,309"
Mali,Malaria - number of reported deaths,2013,"1,680"
Mali,Malaria - number of reported deaths,2012,"1,894"
Mali,Malaria - number of reported deaths,2011,"2,128"
Mali,Malaria - number of reported deaths,2010,"3,006"
Mali,Malaria - number of reported deaths,2009,"2,331"
Mali,Malaria - number of reported deaths,2008,"1,227"
Mali,Malaria - number of reported deaths,2007,"1,782"
Mali,Malaria - number of reported deaths,2006,"1,914"
Mali,Malaria - number of reported deaths,2005,"1,285"
Mali,Malaria - number of reported deaths,2004,"1,012"
Mali,Malaria - number of reported deaths,2003,"1,309"
Mali,Malaria - number of reported deaths,2002,826
Mali,Malaria - number of reported deaths,2001,562
Mali,Malaria - number of reported deaths,2000,748
Mauritania,Malaria - number of reported deaths,2017,67
Mauritania,Malaria - number of reported deaths,2016,315
Mauritania,Malaria - number of reported deaths,2015,39
Mauritania,Malaria - number of reported deaths,2014,19
Mauritania,Malaria - number of reported deaths,2013,46
Mauritania,Malaria - number of reported deaths,2012,106
Mauritania,Malaria - number of reported deaths,2011,66
Mauritania,Malaria - number of reported deaths,2010,60
Mauritania,Malaria - number of reported deaths,2009,91
Mauritania,Malaria - number of reported deaths,2007,142
Mauritania,Malaria - number of reported deaths,2006,67
Mexico,Malaria - number of reported deaths,2017,0
Mexico,Malaria - number of reported deaths,2016,1
Mexico,Malaria - number of reported deaths,2015,0
Mexico,Malaria - number of reported deaths,2014,0
Mexico,Malaria - number of reported deaths,2013,0
Mexico,Malaria - number of reported deaths,2012,0
Mexico,Malaria - number of reported deaths,2011,0
Mexico,Malaria - number of reported deaths,2010,0
Mexico,Malaria - number of reported deaths,2009,0
Mexico,Malaria - number of reported deaths,2008,0
Mexico,Malaria - number of reported deaths,2007,0
Mexico,Malaria - number of reported deaths,2006,0
Mexico,Malaria - number of reported deaths,2005,0
Mexico,Malaria - number of reported deaths,2004,0
Mexico,Malaria - number of reported deaths,2003,0
Mexico,Malaria - number of reported deaths,2002,0
Mexico,Malaria - number of reported deaths,2001,0
Mexico,Malaria - number of reported deaths,2000,0
Morocco,Malaria - number of reported deaths,2013,0
Morocco,Malaria - number of reported deaths,2010,2
Morocco,Malaria - number of reported deaths,2009,1
Morocco,Malaria - number of reported deaths,2008,1
Morocco,Malaria - number of reported deaths,2007,2
Morocco,Malaria - number of reported deaths,2006,2
Morocco,Malaria - number of reported deaths,2005,1
Mozambique,Malaria - number of reported deaths,2017,"1,114"
Mozambique,Malaria - number of reported deaths,2016,"1,685"
Mozambique,Malaria - number of reported deaths,2015,"2,467"
Mozambique,Malaria - number of reported deaths,2014,"3,245"
Mozambique,Malaria - number of reported deaths,2013,"2,941"
Mozambique,Malaria - number of reported deaths,2012,"2,818"
Mozambique,Malaria - number of reported deaths,2011,"3,086"
Mozambique,Malaria - number of reported deaths,2010,"3,354"
Mozambique,Malaria - number of reported deaths,2009,"3,747"
Mozambique,Malaria - number of reported deaths,2008,"4,424"
Mozambique,Malaria - number of reported deaths,2007,"5,816"
Myanmar,Malaria - number of reported deaths,2017,30
Myanmar,Malaria - number of reported deaths,2016,21
Myanmar,Malaria - number of reported deaths,2015,37
Myanmar,Malaria - number of reported deaths,2014,92
Myanmar,Malaria - number of reported deaths,2013,236
Myanmar,Malaria - number of reported deaths,2012,403
Myanmar,Malaria - number of reported deaths,2011,581
Myanmar,Malaria - number of reported deaths,2010,788
Myanmar,Malaria - number of reported deaths,2009,972
Myanmar,Malaria - number of reported deaths,2008,"1,087"
Myanmar,Malaria - number of reported deaths,2007,"1,261"
Myanmar,Malaria - number of reported deaths,2006,"1,647"
Myanmar,Malaria - number of reported deaths,2005,"1,707"
Myanmar,Malaria - number of reported deaths,2004,"1,982"
Myanmar,Malaria - number of reported deaths,2003,"2,476"
Myanmar,Malaria - number of reported deaths,2002,"2,634"
Myanmar,Malaria - number of reported deaths,2001,"2,814"
Myanmar,Malaria - number of reported deaths,2000,"2,556"
Namibia,Malaria - number of reported deaths,2017,104
Namibia,Malaria - number of reported deaths,2016,65
Namibia,Malaria - number of reported deaths,2015,45
Namibia,Malaria - number of reported deaths,2014,61
Namibia,Malaria - number of reported deaths,2013,21
Namibia,Malaria - number of reported deaths,2012,4
Namibia,Malaria - number of reported deaths,2011,36
Namibia,Malaria - number of reported deaths,2010,63
Namibia,Malaria - number of reported deaths,2009,68
Namibia,Malaria - number of reported deaths,2008,152
Namibia,Malaria - number of reported deaths,2007,181
Namibia,Malaria - number of reported deaths,2006,571
Namibia,Malaria - number of reported deaths,2005,"1,325"
Namibia,Malaria - number of reported deaths,2004,"1,185"
Namibia,Malaria - number of reported deaths,2003,"1,106"
Namibia,Malaria - number of reported deaths,2002,"1,504"
Namibia,Malaria - number of reported deaths,2001,"1,728"
Nepal,Malaria - number of reported deaths,2017,3
Nepal,Malaria - number of reported deaths,2016,3
Nepal,Malaria - number of reported deaths,2015,0
Nepal,Malaria - number of reported deaths,2014,0
Nepal,Malaria - number of reported deaths,2013,0
Nepal,Malaria - number of reported deaths,2012,0
Nepal,Malaria - number of reported deaths,2011,2
Nepal,Malaria - number of reported deaths,2010,6
Nepal,Malaria - number of reported deaths,2009,8
Nepal,Malaria - number of reported deaths,2007,3
Nepal,Malaria - number of reported deaths,2006,42
Nepal,Malaria - number of reported deaths,2005,10
Nepal,Malaria - number of reported deaths,2004,7
Nepal,Malaria - number of reported deaths,2003,5
Nepal,Malaria - number of reported deaths,2002,3
Nepal,Malaria - number of reported deaths,2001,1
Nicaragua,Malaria - number of reported deaths,2016,2
Nicaragua,Malaria - number of reported deaths,2015,1
Nicaragua,Malaria - number of reported deaths,2014,0
Nicaragua,Malaria - number of reported deaths,2013,0
Nicaragua,Malaria - number of reported deaths,2012,2
Nicaragua,Malaria - number of reported deaths,2011,1
Nicaragua,Malaria - number of reported deaths,2010,1
Nicaragua,Malaria - number of reported deaths,2009,0
Nicaragua,Malaria - number of reported deaths,2008,0
Nicaragua,Malaria - number of reported deaths,2007,0
Nicaragua,Malaria - number of reported deaths,2006,1
Nicaragua,Malaria - number of reported deaths,2005,6
Nicaragua,Malaria - number of reported deaths,2004,1
Nicaragua,Malaria - number of reported deaths,2003,7
Nicaragua,Malaria - number of reported deaths,2002,8
Nicaragua,Malaria - number of reported deaths,2001,2
Nicaragua,Malaria - number of reported deaths,2000,4
Niger,Malaria - number of reported deaths,2017,"2,316"
Niger,Malaria - number of reported deaths,2016,"2,226"
Niger,Malaria - number of reported deaths,2015,"2,778"
Niger,Malaria - number of reported deaths,2014,"2,691"
Niger,Malaria - number of reported deaths,2013,"2,209"
Niger,Malaria - number of reported deaths,2012,"2,825"
Niger,Malaria - number of reported deaths,2011,"2,802"
Niger,Malaria - number of reported deaths,2010,"3,929"
Niger,Malaria - number of reported deaths,2009,"2,159"
Niger,Malaria - number of reported deaths,2008,"2,461"
Niger,Malaria - number of reported deaths,2007,"1,358"
Niger,Malaria - number of reported deaths,2006,"1,150"
Niger,Malaria - number of reported deaths,2005,"2,060"
Niger,Malaria - number of reported deaths,2004,"1,333"
Niger,Malaria - number of reported deaths,2003,"2,248"
Niger,Malaria - number of reported deaths,2002,"2,769"
Niger,Malaria - number of reported deaths,2001,"2,366"
Niger,Malaria - number of reported deaths,2000,"1,244"
Nigeria,Malaria - number of reported deaths,2014,"6,082"
Nigeria,Malaria - number of reported deaths,2013,"7,878"
Nigeria,Malaria - number of reported deaths,2012,"7,734"
Nigeria,Malaria - number of reported deaths,2011,"3,353"
Nigeria,Malaria - number of reported deaths,2010,"4,238"
Nigeria,Malaria - number of reported deaths,2009,"7,522"
Nigeria,Malaria - number of reported deaths,2008,"8,677"
Nigeria,Malaria - number of reported deaths,2007,"10,289"
Nigeria,Malaria - number of reported deaths,2006,"6,586"
Nigeria,Malaria - number of reported deaths,2005,"6,494"
Nigeria,Malaria - number of reported deaths,2004,"6,032"
Nigeria,Malaria - number of reported deaths,2003,"5,343"
Nigeria,Malaria - number of reported deaths,2002,"4,092"
Nigeria,Malaria - number of reported deaths,2001,"4,317"
Oman,Malaria - number of reported deaths,2014,0
Oman,Malaria - number of reported deaths,2013,0
Oman,Malaria - number of reported deaths,2012,0
Oman,Malaria - number of reported deaths,2011,0
Oman,Malaria - number of reported deaths,2010,0
Oman,Malaria - number of reported deaths,2009,2
Oman,Malaria - number of reported deaths,2008,2
Oman,Malaria - number of reported deaths,2007,0
Oman,Malaria - number of reported deaths,2006,0
Oman,Malaria - number of reported deaths,2005,0
Pakistan,Malaria - number of reported deaths,2017,113
Pakistan,Malaria - number of reported deaths,2016,33
Pakistan,Malaria - number of reported deaths,2015,34
Pakistan,Malaria - number of reported deaths,2014,56
Pakistan,Malaria - number of reported deaths,2013,244
Pakistan,Malaria - number of reported deaths,2012,260
Pakistan,Malaria - number of reported deaths,2011,4
Pakistan,Malaria - number of reported deaths,2007,24
Pakistan,Malaria - number of reported deaths,2006,9
Pakistan,Malaria - number of reported deaths,2005,52
Panama,Malaria - number of reported deaths,2017,0
Panama,Malaria - number of reported deaths,2016,0
Panama,Malaria - number of reported deaths,2015,0
Panama,Malaria - number of reported deaths,2014,0
Panama,Malaria - number of reported deaths,2013,0
Panama,Malaria - number of reported deaths,2012,1
Panama,Malaria - number of reported deaths,2011,0
Panama,Malaria - number of reported deaths,2010,1
Panama,Malaria - number of reported deaths,2009,0
Panama,Malaria - number of reported deaths,2008,1
Panama,Malaria - number of reported deaths,2007,1
Panama,Malaria - number of reported deaths,2006,1
Panama,Malaria - number of reported deaths,2005,1
Panama,Malaria - number of reported deaths,2004,2
Panama,Malaria - number of reported deaths,2003,4
Panama,Malaria - number of reported deaths,2002,2
Panama,Malaria - number of reported deaths,2001,1
Panama,Malaria - number of reported deaths,2000,1
Papua New Guinea,Malaria - number of reported deaths,2017,273
Papua New Guinea,Malaria - number of reported deaths,2016,306
Papua New Guinea,Malaria - number of reported deaths,2015,163
Papua New Guinea,Malaria - number of reported deaths,2014,203
Papua New Guinea,Malaria - number of reported deaths,2013,307
Papua New Guinea,Malaria - number of reported deaths,2012,381
Papua New Guinea,Malaria - number of reported deaths,2011,523
Papua New Guinea,Malaria - number of reported deaths,2010,616
Papua New Guinea,Malaria - number of reported deaths,2009,604
Papua New Guinea,Malaria - number of reported deaths,2008,628
Papua New Guinea,Malaria - number of reported deaths,2007,559
Papua New Guinea,Malaria - number of reported deaths,2006,668
Papua New Guinea,Malaria - number of reported deaths,2005,725
Papua New Guinea,Malaria - number of reported deaths,2004,619
Papua New Guinea,Malaria - number of reported deaths,2003,537
Papua New Guinea,Malaria - number of reported deaths,2002,647
Papua New Guinea,Malaria - number of reported deaths,2001,562
Papua New Guinea,Malaria - number of reported deaths,2000,617
Paraguay,Malaria - number of reported deaths,2017,0
Paraguay,Malaria - number of reported deaths,2016,1
Paraguay,Malaria - number of reported deaths,2015,0
Paraguay,Malaria - number of reported deaths,2014,0
Paraguay,Malaria - number of reported deaths,2013,0
Paraguay,Malaria - number of reported deaths,2012,0
Paraguay,Malaria - number of reported deaths,2011,0
Paraguay,Malaria - number of reported deaths,2010,0
Paraguay,Malaria - number of reported deaths,2009,0
Paraguay,Malaria - number of reported deaths,2008,0
Paraguay,Malaria - number of reported deaths,2007,0
Paraguay,Malaria - number of reported deaths,2006,0
Paraguay,Malaria - number of reported deaths,2005,0
Paraguay,Malaria - number of reported deaths,2004,0
Paraguay,Malaria - number of reported deaths,2003,0
Paraguay,Malaria - number of reported deaths,2002,0
Paraguay,Malaria - number of reported deaths,2001,0
Paraguay,Malaria - number of reported deaths,2000,0
Peru,Malaria - number of reported deaths,2017,10
Peru,Malaria - number of reported deaths,2016,7
Peru,Malaria - number of reported deaths,2015,5
Peru,Malaria - number of reported deaths,2014,4
Peru,Malaria - number of reported deaths,2013,4
Peru,Malaria - number of reported deaths,2012,7
Peru,Malaria - number of reported deaths,2011,1
Peru,Malaria - number of reported deaths,2010,0
Peru,Malaria - number of reported deaths,2009,2
Peru,Malaria - number of reported deaths,2008,2
Peru,Malaria - number of reported deaths,2007,2
Peru,Malaria - number of reported deaths,2006,6
Peru,Malaria - number of reported deaths,2005,4
Peru,Malaria - number of reported deaths,2004,6
Peru,Malaria - number of reported deaths,2003,9
Peru,Malaria - number of reported deaths,2002,12
Peru,Malaria - number of reported deaths,2001,25
Peru,Malaria - number of reported deaths,2000,20
Philippines,Malaria - number of reported deaths,2017,4
Philippines,Malaria - number of reported deaths,2016,7
Philippines,Malaria - number of reported deaths,2015,20
Philippines,Malaria - number of reported deaths,2014,10
Philippines,Malaria - number of reported deaths,2013,12
Philippines,Malaria - number of reported deaths,2012,16
Philippines,Malaria - number of reported deaths,2011,12
Philippines,Malaria - number of reported deaths,2010,30
Philippines,Malaria - number of reported deaths,2009,24
Philippines,Malaria - number of reported deaths,2008,56
Philippines,Malaria - number of reported deaths,2007,73
Philippines,Malaria - number of reported deaths,2006,124
Philippines,Malaria - number of reported deaths,2005,145
Philippines,Malaria - number of reported deaths,2004,167
Philippines,Malaria - number of reported deaths,2003,162
Philippines,Malaria - number of reported deaths,2002,71
Philippines,Malaria - number of reported deaths,2001,439
Philippines,Malaria - number of reported deaths,2000,536
Republic of Korea,Malaria - number of reported deaths,2017,3
Republic of Korea,Malaria - number of reported deaths,2016,1
Republic of Korea,Malaria - number of reported deaths,2015,0
Republic of Korea,Malaria - number of reported deaths,2014,0
Republic of Korea,Malaria - number of reported deaths,2013,0
Republic of Korea,Malaria - number of reported deaths,2012,0
Republic of Korea,Malaria - number of reported deaths,2011,2
Republic of Korea,Malaria - number of reported deaths,2010,1
Republic of Korea,Malaria - number of reported deaths,2009,1
Republic of Korea,Malaria - number of reported deaths,2008,0
Republic of Korea,Malaria - number of reported deaths,2007,1
Republic of Korea,Malaria - number of reported deaths,2006,0
Republic of Korea,Malaria - number of reported deaths,2005,0
Republic of Korea,Malaria - number of reported deaths,2004,0
Republic of Korea,Malaria - number of reported deaths,2003,0
Republic of Korea,Malaria - number of reported deaths,2002,0
Republic of Korea,Malaria - number of reported deaths,2001,0
Republic of Korea,Malaria - number of reported deaths,2000,0
Rwanda,Malaria - number of reported deaths,2017,376
Rwanda,Malaria - number of reported deaths,2016,715
Rwanda,Malaria - number of reported deaths,2015,516
Rwanda,Malaria - number of reported deaths,2014,496
Rwanda,Malaria - number of reported deaths,2013,409
Rwanda,Malaria - number of reported deaths,2012,459
Rwanda,Malaria - number of reported deaths,2011,380
Rwanda,Malaria - number of reported deaths,2010,670
Rwanda,Malaria - number of reported deaths,2009,809
Rwanda,Malaria - number of reported deaths,2008,566
Rwanda,Malaria - number of reported deaths,2007,"1,772"
Rwanda,Malaria - number of reported deaths,2006,"2,486"
Rwanda,Malaria - number of reported deaths,2005,"2,581"
Rwanda,Malaria - number of reported deaths,2004,"2,362"
Rwanda,Malaria - number of reported deaths,2003,"2,679"
Rwanda,Malaria - number of reported deaths,2002,"3,167"
Rwanda,Malaria - number of reported deaths,2001,"4,275"
Sao Tome and Principe,Malaria - number of reported deaths,2017,1
Sao Tome and Principe,Malaria - number of reported deaths,2016,0
Sao Tome and Principe,Malaria - number of reported deaths,2015,0
Sao Tome and Principe,Malaria - number of reported deaths,2014,0
Sao Tome and Principe,Malaria - number of reported deaths,2013,11
Sao Tome and Principe,Malaria - number of reported deaths,2012,7
Sao Tome and Principe,Malaria - number of reported deaths,2011,19
Sao Tome and Principe,Malaria - number of reported deaths,2010,14
Sao Tome and Principe,Malaria - number of reported deaths,2009,23
Sao Tome and Principe,Malaria - number of reported deaths,2008,16
Sao Tome and Principe,Malaria - number of reported deaths,2007,3
Sao Tome and Principe,Malaria - number of reported deaths,2006,26
Sao Tome and Principe,Malaria - number of reported deaths,2005,85
Sao Tome and Principe,Malaria - number of reported deaths,2004,169
Sao Tome and Principe,Malaria - number of reported deaths,2003,193
Sao Tome and Principe,Malaria - number of reported deaths,2002,321
Sao Tome and Principe,Malaria - number of reported deaths,2001,248
Sao Tome and Principe,Malaria - number of reported deaths,2000,254
Saudi Arabia,Malaria - number of reported deaths,2017,0
Saudi Arabia,Malaria - number of reported deaths,2016,0
Saudi Arabia,Malaria - number of reported deaths,2015,0
Saudi Arabia,Malaria - number of reported deaths,2014,0
Saudi Arabia,Malaria - number of reported deaths,2013,0
Saudi Arabia,Malaria - number of reported deaths,2012,0
Saudi Arabia,Malaria - number of reported deaths,2011,0
Saudi Arabia,Malaria - number of reported deaths,2010,0
Saudi Arabia,Malaria - number of reported deaths,2009,0
Saudi Arabia,Malaria - number of reported deaths,2008,0
Saudi Arabia,Malaria - number of reported deaths,2007,0
Saudi Arabia,Malaria - number of reported deaths,2006,0
Saudi Arabia,Malaria - number of reported deaths,2005,0
Saudi Arabia,Malaria - number of reported deaths,2004,0
Saudi Arabia,Malaria - number of reported deaths,2003,0
Saudi Arabia,Malaria - number of reported deaths,2002,0
Saudi Arabia,Malaria - number of reported deaths,2001,0
Senegal,Malaria - number of reported deaths,2017,284
Senegal,Malaria - number of reported deaths,2016,325
Senegal,Malaria - number of reported deaths,2015,526
Senegal,Malaria - number of reported deaths,2014,500
Senegal,Malaria - number of reported deaths,2013,815
Senegal,Malaria - number of reported deaths,2012,649
Senegal,Malaria - number of reported deaths,2011,472
Senegal,Malaria - number of reported deaths,2010,553
Senegal,Malaria - number of reported deaths,2009,574
Senegal,Malaria - number of reported deaths,2008,741
Senegal,Malaria - number of reported deaths,2007,"1,935"
Senegal,Malaria - number of reported deaths,2006,"1,678"
Senegal,Malaria - number of reported deaths,2005,"1,587"
Senegal,Malaria - number of reported deaths,2004,"1,524"
Senegal,Malaria - number of reported deaths,2003,"1,602"
Senegal,Malaria - number of reported deaths,2002,"1,226"
Senegal,Malaria - number of reported deaths,2001,"1,515"
Senegal,Malaria - number of reported deaths,2000,"1,275"
Sierra Leone,Malaria - number of reported deaths,2017,"1,298"
Sierra Leone,Malaria - number of reported deaths,2016,"1,345"
Sierra Leone,Malaria - number of reported deaths,2015,"1,107"
Sierra Leone,Malaria - number of reported deaths,2014,"2,848"
Sierra Leone,Malaria - number of reported deaths,2013,"4,326"
Sierra Leone,Malaria - number of reported deaths,2012,"3,611"
Sierra Leone,Malaria - number of reported deaths,2011,"3,573"
Sierra Leone,Malaria - number of reported deaths,2010,"8,188"
Sierra Leone,Malaria - number of reported deaths,2009,"1,734"
Sierra Leone,Malaria - number of reported deaths,2008,871
Sierra Leone,Malaria - number of reported deaths,2007,324
Sierra Leone,Malaria - number of reported deaths,2006,90
Sierra Leone,Malaria - number of reported deaths,2005,50
Sierra Leone,Malaria - number of reported deaths,2004,126
Sierra Leone,Malaria - number of reported deaths,2003,157
Sierra Leone,Malaria - number of reported deaths,2002,461
Sierra Leone,Malaria - number of reported deaths,2001,328
Solomon Islands,Malaria - number of reported deaths,2017,27
Solomon Islands,Malaria - number of reported deaths,2016,20
Solomon Islands,Malaria - number of reported deaths,2015,13
Solomon Islands,Malaria - number of reported deaths,2014,23
Solomon Islands,Malaria - number of reported deaths,2013,18
Solomon Islands,Malaria - number of reported deaths,2012,18
Solomon Islands,Malaria - number of reported deaths,2011,19
Solomon Islands,Malaria - number of reported deaths,2010,34
Solomon Islands,Malaria - number of reported deaths,2009,53
Solomon Islands,Malaria - number of reported deaths,2008,21
Solomon Islands,Malaria - number of reported deaths,2007,15
Solomon Islands,Malaria - number of reported deaths,2006,12
Solomon Islands,Malaria - number of reported deaths,2005,38
Solomon Islands,Malaria - number of reported deaths,2004,51
Solomon Islands,Malaria - number of reported deaths,2003,71
Solomon Islands,Malaria - number of reported deaths,2002,61
Solomon Islands,Malaria - number of reported deaths,2001,55
Solomon Islands,Malaria - number of reported deaths,2000,38
Somalia,Malaria - number of reported deaths,2017,20
Somalia,Malaria - number of reported deaths,2016,13
Somalia,Malaria - number of reported deaths,2015,27
Somalia,Malaria - number of reported deaths,2014,14
Somalia,Malaria - number of reported deaths,2013,23
Somalia,Malaria - number of reported deaths,2012,10
Somalia,Malaria - number of reported deaths,2011,5
Somalia,Malaria - number of reported deaths,2010,6
Somalia,Malaria - number of reported deaths,2009,45
Somalia,Malaria - number of reported deaths,2008,49
Somalia,Malaria - number of reported deaths,2007,45
Somalia,Malaria - number of reported deaths,2006,58
Somalia,Malaria - number of reported deaths,2005,15
Somalia,Malaria - number of reported deaths,2004,79
Somalia,Malaria - number of reported deaths,2003,54
Somalia,Malaria - number of reported deaths,2002,8
South Africa,Malaria - number of reported deaths,2017,301
South Africa,Malaria - number of reported deaths,2016,34
South Africa,Malaria - number of reported deaths,2015,110
South Africa,Malaria - number of reported deaths,2014,174
South Africa,Malaria - number of reported deaths,2013,105
South Africa,Malaria - number of reported deaths,2012,72
South Africa,Malaria - number of reported deaths,2011,54
South Africa,Malaria - number of reported deaths,2010,83
South Africa,Malaria - number of reported deaths,2009,45
South Africa,Malaria - number of reported deaths,2008,43
South Africa,Malaria - number of reported deaths,2007,37
South Africa,Malaria - number of reported deaths,2006,87
South Africa,Malaria - number of reported deaths,2005,63
South Africa,Malaria - number of reported deaths,2004,88
South Africa,Malaria - number of reported deaths,2003,142
South Africa,Malaria - number of reported deaths,2002,96
South Africa,Malaria - number of reported deaths,2001,81
South Africa,Malaria - number of reported deaths,2000,424
South Sudan,Malaria - number of reported deaths,2017,"3,483"
South Sudan,Malaria - number of reported deaths,2013,"1,311"
South Sudan,Malaria - number of reported deaths,2012,"1,321"
South Sudan,Malaria - number of reported deaths,2011,406
South Sudan,Malaria - number of reported deaths,2010,"1,053"
South Sudan,Malaria - number of reported deaths,2009,254
South Sudan,Malaria - number of reported deaths,2008,263
Sri Lanka,Malaria - number of reported deaths,2017,0
Sri Lanka,Malaria - number of reported deaths,2016,0
Sri Lanka,Malaria - number of reported deaths,2015,0
Sri Lanka,Malaria - number of reported deaths,2014,0
Sri Lanka,Malaria - number of reported deaths,2013,0
Sri Lanka,Malaria - number of reported deaths,2012,0
Sri Lanka,Malaria - number of reported deaths,2011,0
Sri Lanka,Malaria - number of reported deaths,2010,0
Sri Lanka,Malaria - number of reported deaths,2009,0
Sri Lanka,Malaria - number of reported deaths,2008,0
Sri Lanka,Malaria - number of reported deaths,2007,1
Sri Lanka,Malaria - number of reported deaths,2006,1
Sri Lanka,Malaria - number of reported deaths,2005,0
Sri Lanka,Malaria - number of reported deaths,2004,1
Sri Lanka,Malaria - number of reported deaths,2003,4
Sri Lanka,Malaria - number of reported deaths,2002,30
Sri Lanka,Malaria - number of reported deaths,2001,52
Sri Lanka,Malaria - number of reported deaths,2000,77
Sudan,Malaria - number of reported deaths,2017,"1,446"
Sudan,Malaria - number of reported deaths,2016,984
Sudan,Malaria - number of reported deaths,2015,868
Sudan,Malaria - number of reported deaths,2014,823
Sudan,Malaria - number of reported deaths,2013,685
Sudan,Malaria - number of reported deaths,2012,618
Sudan,Malaria - number of reported deaths,2011,612
Sudan,Malaria - number of reported deaths,2010,"1,023"
Sudan,Malaria - number of reported deaths,2009,"1,142"
Sudan,Malaria - number of reported deaths,2008,"1,125"
Sudan,Malaria - number of reported deaths,2007,"1,254"
Sudan,Malaria - number of reported deaths,2006,"1,193"
Sudan,Malaria - number of reported deaths,2005,"1,789"
Sudan,Malaria - number of reported deaths,2004,"1,814"
Sudan,Malaria - number of reported deaths,2003,"2,479"
Sudan,Malaria - number of reported deaths,2002,"2,125"
Sudan,Malaria - number of reported deaths,2001,"2,252"
Sudan,Malaria - number of reported deaths,2000,"2,162"
Suriname,Malaria - number of reported deaths,2017,1
Suriname,Malaria - number of reported deaths,2016,0
Suriname,Malaria - number of reported deaths,2015,0
Suriname,Malaria - number of reported deaths,2014,1
Suriname,Malaria - number of reported deaths,2013,1
Suriname,Malaria - number of reported deaths,2012,0
Suriname,Malaria - number of reported deaths,2011,1
Suriname,Malaria - number of reported deaths,2010,1
Suriname,Malaria - number of reported deaths,2009,0
Suriname,Malaria - number of reported deaths,2008,0
Suriname,Malaria - number of reported deaths,2007,1
Suriname,Malaria - number of reported deaths,2006,1
Suriname,Malaria - number of reported deaths,2005,1
Suriname,Malaria - number of reported deaths,2004,7
Suriname,Malaria - number of reported deaths,2003,18
Suriname,Malaria - number of reported deaths,2002,15
Suriname,Malaria - number of reported deaths,2001,23
Suriname,Malaria - number of reported deaths,2000,24
Syrian Arab Republic,Malaria - number of reported deaths,2014,4
Syrian Arab Republic,Malaria - number of reported deaths,2013,1
Syrian Arab Republic,Malaria - number of reported deaths,2012,1
Syrian Arab Republic,Malaria - number of reported deaths,2011,0
Syrian Arab Republic,Malaria - number of reported deaths,2010,0
Syrian Arab Republic,Malaria - number of reported deaths,2009,1
Syrian Arab Republic,Malaria - number of reported deaths,2008,1
Syrian Arab Republic,Malaria - number of reported deaths,2007,1
Syrian Arab Republic,Malaria - number of reported deaths,2006,2
Syrian Arab Republic,Malaria - number of reported deaths,2005,2
Tajikistan,Malaria - number of reported deaths,2016,0
Tajikistan,Malaria - number of reported deaths,2015,0
Tajikistan,Malaria - number of reported deaths,2014,0
Tajikistan,Malaria - number of reported deaths,2013,0
Tajikistan,Malaria - number of reported deaths,2012,0
Tajikistan,Malaria - number of reported deaths,2011,0
Tajikistan,Malaria - number of reported deaths,2010,0
Tajikistan,Malaria - number of reported deaths,2009,0
Tajikistan,Malaria - number of reported deaths,2008,0
Tajikistan,Malaria - number of reported deaths,2007,0
Tajikistan,Malaria - number of reported deaths,2006,0
Tajikistan,Malaria - number of reported deaths,2005,0
Tajikistan,Malaria - number of reported deaths,2004,0
Tajikistan,Malaria - number of reported deaths,2003,0
Tajikistan,Malaria - number of reported deaths,2002,0
Tajikistan,Malaria - number of reported deaths,2001,0
Tajikistan,Malaria - number of reported deaths,2000,0
Thailand,Malaria - number of reported deaths,2017,11
Thailand,Malaria - number of reported deaths,2016,27
Thailand,Malaria - number of reported deaths,2015,33
Thailand,Malaria - number of reported deaths,2014,38
Thailand,Malaria - number of reported deaths,2013,47
Thailand,Malaria - number of reported deaths,2012,37
Thailand,Malaria - number of reported deaths,2011,43
Thailand,Malaria - number of reported deaths,2010,80
Thailand,Malaria - number of reported deaths,2009,70
Thailand,Malaria - number of reported deaths,2008,101
Thailand,Malaria - number of reported deaths,2007,97
Thailand,Malaria - number of reported deaths,2006,113
Thailand,Malaria - number of reported deaths,2005,161
Thailand,Malaria - number of reported deaths,2004,230
Thailand,Malaria - number of reported deaths,2003,204
Thailand,Malaria - number of reported deaths,2002,361
Thailand,Malaria - number of reported deaths,2001,424
Thailand,Malaria - number of reported deaths,2000,625
Timor-Leste,Malaria - number of reported deaths,2017,0
Timor-Leste,Malaria - number of reported deaths,2016,0
Timor-Leste,Malaria - number of reported deaths,2015,0
Timor-Leste,Malaria - number of reported deaths,2014,1
Timor-Leste,Malaria - number of reported deaths,2013,3
Timor-Leste,Malaria - number of reported deaths,2012,3
Timor-Leste,Malaria - number of reported deaths,2011,16
Timor-Leste,Malaria - number of reported deaths,2010,58
Timor-Leste,Malaria - number of reported deaths,2009,53
Timor-Leste,Malaria - number of reported deaths,2008,33
Timor-Leste,Malaria - number of reported deaths,2007,60
Timor-Leste,Malaria - number of reported deaths,2006,68
Timor-Leste,Malaria - number of reported deaths,2005,71
Timor-Leste,Malaria - number of reported deaths,2004,65
Togo,Malaria - number of reported deaths,2017,995
Togo,Malaria - number of reported deaths,2016,847
Togo,Malaria - number of reported deaths,2015,"1,205"
Togo,Malaria - number of reported deaths,2014,"1,205"
Togo,Malaria - number of reported deaths,2013,"1,361"
Togo,Malaria - number of reported deaths,2012,"1,197"
Togo,Malaria - number of reported deaths,2011,"1,314"
Togo,Malaria - number of reported deaths,2010,"1,507"
Togo,Malaria - number of reported deaths,2009,"1,556"
Togo,Malaria - number of reported deaths,2008,"2,663"
Togo,Malaria - number of reported deaths,2007,"1,236"
Togo,Malaria - number of reported deaths,2006,819
Togo,Malaria - number of reported deaths,2005,"1,024"
Togo,Malaria - number of reported deaths,2004,"1,183"
Togo,Malaria - number of reported deaths,2003,"1,130"
Togo,Malaria - number of reported deaths,2002,"1,661"
Togo,Malaria - number of reported deaths,2001,"1,394"
Turkey,Malaria - number of reported deaths,2016,6
Turkey,Malaria - number of reported deaths,2015,3
Turkey,Malaria - number of reported deaths,2014,1
Turkey,Malaria - number of reported deaths,2013,3
Turkey,Malaria - number of reported deaths,2012,0
Turkey,Malaria - number of reported deaths,2011,4
Turkey,Malaria - number of reported deaths,2010,0
Turkey,Malaria - number of reported deaths,2009,1
Turkey,Malaria - number of reported deaths,2008,3
Turkey,Malaria - number of reported deaths,2007,1
Turkey,Malaria - number of reported deaths,2006,0
Turkey,Malaria - number of reported deaths,2005,0
Turkey,Malaria - number of reported deaths,2004,0
Turkey,Malaria - number of reported deaths,2003,0
Turkey,Malaria - number of reported deaths,2002,0
Turkey,Malaria - number of reported deaths,2001,0
Turkey,Malaria - number of reported deaths,2000,0
Turkmenistan,Malaria - number of reported deaths,2016,0
Turkmenistan,Malaria - number of reported deaths,2015,0
Turkmenistan,Malaria - number of reported deaths,2014,0
Turkmenistan,Malaria - number of reported deaths,2013,0
Turkmenistan,Malaria - number of reported deaths,2012,0
Turkmenistan,Malaria - number of reported deaths,2011,0
Turkmenistan,Malaria - number of reported deaths,2010,0
Turkmenistan,Malaria - number of reported deaths,2009,0
Turkmenistan,Malaria - number of reported deaths,2008,0
Turkmenistan,Malaria - number of reported deaths,2007,0
Turkmenistan,Malaria - number of reported deaths,2006,0
Turkmenistan,Malaria - number of reported deaths,2005,0
Turkmenistan,Malaria - number of reported deaths,2004,0
Turkmenistan,Malaria - number of reported deaths,2003,0
Turkmenistan,Malaria - number of reported deaths,2002,0
Turkmenistan,Malaria - number of reported deaths,2001,0
Turkmenistan,Malaria - number of reported deaths,2000,0
Uganda,Malaria - number of reported deaths,2017,"5,111"
Uganda,Malaria - number of reported deaths,2016,"5,635"
Uganda,Malaria - number of reported deaths,2015,"6,100"
Uganda,Malaria - number of reported deaths,2014,"5,921"
Uganda,Malaria - number of reported deaths,2013,"7,277"
Uganda,Malaria - number of reported deaths,2012,"6,585"
Uganda,Malaria - number of reported deaths,2011,"5,958"
Uganda,Malaria - number of reported deaths,2010,"8,431"
Uganda,Malaria - number of reported deaths,2009,"6,296"
Uganda,Malaria - number of reported deaths,2008,"2,372"
Uganda,Malaria - number of reported deaths,2007,"7,003"
Uganda,Malaria - number of reported deaths,2006,"4,252"
United Republic of Tanzania,Malaria - number of reported deaths,2017,"3,685"
United Republic of Tanzania,Malaria - number of reported deaths,2016,"5,046"
United Republic of Tanzania,Malaria - number of reported deaths,2015,"6,313"
United Republic of Tanzania,Malaria - number of reported deaths,2014,"5,373"
United Republic of Tanzania,Malaria - number of reported deaths,2013,"8,528"
United Republic of Tanzania,Malaria - number of reported deaths,2012,"7,820"
United Republic of Tanzania,Malaria - number of reported deaths,2011,"11,806"
United Republic of Tanzania,Malaria - number of reported deaths,2010,"15,867"
United Republic of Tanzania,Malaria - number of reported deaths,2009,"16,776"
United Republic of Tanzania,Malaria - number of reported deaths,2008,"12,497"
United Republic of Tanzania,Malaria - number of reported deaths,2007,"12,593"
United Republic of Tanzania,Malaria - number of reported deaths,2006,"20,962"
United Republic of Tanzania,Malaria - number of reported deaths,2005,"18,322"
United Republic of Tanzania,Malaria - number of reported deaths,2004,"19,859"
United Republic of Tanzania,Malaria - number of reported deaths,2003,"15,251"
United Republic of Tanzania,Malaria - number of reported deaths,2002,815
United Republic of Tanzania,Malaria - number of reported deaths,2001,"1,228"
United Republic of Tanzania,Malaria - number of reported deaths,2000,379
Uzbekistan,Malaria - number of reported deaths,2016,0
Uzbekistan,Malaria - number of reported deaths,2015,0
Uzbekistan,Malaria - number of reported deaths,2014,0
Uzbekistan,Malaria - number of reported deaths,2013,0
Uzbekistan,Malaria - number of reported deaths,2012,0
Uzbekistan,Malaria - number of reported deaths,2011,0
Uzbekistan,Malaria - number of reported deaths,2010,0
Uzbekistan,Malaria - number of reported deaths,2009,0
Uzbekistan,Malaria - number of reported deaths,2008,0
Uzbekistan,Malaria - number of reported deaths,2007,1
Uzbekistan,Malaria - number of reported deaths,2006,0
Uzbekistan,Malaria - number of reported deaths,2005,0
Uzbekistan,Malaria - number of reported deaths,2004,0
Uzbekistan,Malaria - number of reported deaths,2003,0
Uzbekistan,Malaria - number of reported deaths,2002,0
Uzbekistan,Malaria - number of reported deaths,2001,0
Uzbekistan,Malaria - number of reported deaths,2000,0
Vanuatu,Malaria - number of reported deaths,2017,0
Vanuatu,Malaria - number of reported deaths,2016,0
Vanuatu,Malaria - number of reported deaths,2015,0
Vanuatu,Malaria - number of reported deaths,2014,0
Vanuatu,Malaria - number of reported deaths,2013,0
Vanuatu,Malaria - number of reported deaths,2012,0
Vanuatu,Malaria - number of reported deaths,2011,1
Vanuatu,Malaria - number of reported deaths,2010,1
Vanuatu,Malaria - number of reported deaths,2009,2
Vanuatu,Malaria - number of reported deaths,2008,4
Vanuatu,Malaria - number of reported deaths,2007,5
Vanuatu,Malaria - number of reported deaths,2006,1
Vanuatu,Malaria - number of reported deaths,2005,5
Vanuatu,Malaria - number of reported deaths,2004,3
Vanuatu,Malaria - number of reported deaths,2003,14
Vanuatu,Malaria - number of reported deaths,2002,13
Vanuatu,Malaria - number of reported deaths,2001,4
Vanuatu,Malaria - number of reported deaths,2000,3
Venezuela (Bolivarian Republic of),Malaria - number of reported deaths,2016,1
Venezuela (Bolivarian Republic of),Malaria - number of reported deaths,2015,8
Venezuela (Bolivarian Republic of),Malaria - number of reported deaths,2014,5
Venezuela (Bolivarian Republic of),Malaria - number of reported deaths,2013,6
Venezuela (Bolivarian Republic of),Malaria - number of reported deaths,2012,10
Venezuela (Bolivarian Republic of),Malaria - number of reported deaths,2011,16
Venezuela (Bolivarian Republic of),Malaria - number of reported deaths,2010,18
Venezuela (Bolivarian Republic of),Malaria - number of reported deaths,2009,11
Venezuela (Bolivarian Republic of),Malaria - number of reported deaths,2008,9
Venezuela (Bolivarian Republic of),Malaria - number of reported deaths,2007,16
Venezuela (Bolivarian Republic of),Malaria - number of reported deaths,2006,11
Venezuela (Bolivarian Republic of),Malaria - number of reported deaths,2005,17
Venezuela (Bolivarian Republic of),Malaria - number of reported deaths,2004,35
Venezuela (Bolivarian Republic of),Malaria - number of reported deaths,2003,40
Venezuela (Bolivarian Republic of),Malaria - number of reported deaths,2002,23
Venezuela (Bolivarian Republic of),Malaria - number of reported deaths,2001,28
Venezuela (Bolivarian Republic of),Malaria - number of reported deaths,2000,24
Viet Nam,Malaria - number of reported deaths,2017,6
Viet Nam,Malaria - number of reported deaths,2016,3
Viet Nam,Malaria - number of reported deaths,2015,3
Viet Nam,Malaria - number of reported deaths,2014,6
Viet Nam,Malaria - number of reported deaths,2013,6
Viet Nam,Malaria - number of reported deaths,2012,8
Viet Nam,Malaria - number of reported deaths,2011,14
Viet Nam,Malaria - number of reported deaths,2010,21
Viet Nam,Malaria - number of reported deaths,2009,26
Viet Nam,Malaria - number of reported deaths,2008,25
Viet Nam,Malaria - number of reported deaths,2007,20
Viet Nam,Malaria - number of reported deaths,2006,41
Viet Nam,Malaria - number of reported deaths,2005,18
Viet Nam,Malaria - number of reported deaths,2004,34
Viet Nam,Malaria - number of reported deaths,2003,50
Viet Nam,Malaria - number of reported deaths,2002,50
Viet Nam,Malaria - number of reported deaths,2001,91
Viet Nam,Malaria - number of reported deaths,2000,142
Yemen,Malaria - number of reported deaths,2017,37
Yemen,Malaria - number of reported deaths,2016,65
Yemen,Malaria - number of reported deaths,2015,14
Yemen,Malaria - number of reported deaths,2014,23
Yemen,Malaria - number of reported deaths,2013,55
Yemen,Malaria - number of reported deaths,2012,72
Yemen,Malaria - number of reported deaths,2011,75
Yemen,Malaria - number of reported deaths,2010,92
Yemen,Malaria - number of reported deaths,2009,38
Yemen,Malaria - number of reported deaths,2006,73
Zambia,Malaria - number of reported deaths,2017,"1,425"
Zambia,Malaria - number of reported deaths,2016,"1,827"
Zambia,Malaria - number of reported deaths,2015,"2,389"
Zambia,Malaria - number of reported deaths,2014,"3,257"
Zambia,Malaria - number of reported deaths,2013,"3,548"
Zambia,Malaria - number of reported deaths,2012,"3,705"
Zambia,Malaria - number of reported deaths,2011,"4,540"
Zambia,Malaria - number of reported deaths,2010,"4,834"
Zambia,Malaria - number of reported deaths,2009,"3,862"
Zambia,Malaria - number of reported deaths,2008,"3,781"
Zambia,Malaria - number of reported deaths,2007,"6,183"
Zambia,Malaria - number of reported deaths,2006,"6,484"
Zambia,Malaria - number of reported deaths,2005,"7,737"
Zambia,Malaria - number of reported deaths,2004,"8,289"
Zambia,Malaria - number of reported deaths,2003,"9,178"
Zambia,Malaria - number of reported deaths,2002,"9,021"
Zambia,Malaria - number of reported deaths,2001,"9,369"
Zimbabwe,Malaria - number of reported deaths,2017,527
Zimbabwe,Malaria - number of reported deaths,2016,351
Zimbabwe,Malaria - number of reported deaths,2015,200
Zimbabwe,Malaria - number of reported deaths,2014,406
Zimbabwe,Malaria - number of reported deaths,2013,352
Zimbabwe,Malaria - number of reported deaths,2012,351
Zimbabwe,Malaria - number of reported deaths,2011,451
Zimbabwe,Malaria - number of reported deaths,2010,255
Zimbabwe,Malaria - number of reported deaths,2009,108
Zimbabwe,Malaria - number of reported deaths,2008,232
Zimbabwe,Malaria - number of reported deaths,2007,401
Zimbabwe,Malaria - number of reported deaths,2006,802
Zimbabwe,Malaria - number of reported deaths,2005,"1,916"
Zimbabwe,Malaria - number of reported deaths,2004,"1,809"
Zimbabwe,Malaria - number of reported deaths,2003,"1,044"
Zimbabwe,Malaria - number of reported deaths,2002,"1,844"
